-- Dados da tabela: animals
INSERT INTO "animals" ("id", "identification_code", "species", "breed", "gender", "birth_date", "weight", "farm_id", "status", "last_vaccine_date", "created_at") VALUES (73, 'A1000', 'Cabra', 'Raça de Cabra', 'macho', '2021-05-04T19:10:24.341Z', 432, 6, 'sick', '2025-04-28T19:10:24.341Z', '2025-05-04T19:10:24.379Z');
INSERT INTO "animals" ("id", "identification_code", "species", "breed", "gender", "birth_date", "weight", "farm_id", "status", "last_vaccine_date", "created_at") VALUES (74, 'A1001', 'Vaca', 'Raça de Vaca', 'macho', '2024-05-04T19:10:24.412Z', 421, 6, 'pregnant', '2025-04-20T19:10:24.412Z', '2025-05-04T19:10:24.444Z');
INSERT INTO "animals" ("id", "identification_code", "species", "breed", "gender", "birth_date", "weight", "farm_id", "status", "last_vaccine_date", "created_at") VALUES (75, 'A1002', 'Vaca', 'Raça de Vaca', 'macho', '2022-05-04T19:10:24.471Z', 79, 6, 'quarantine', '2025-02-24T19:10:24.471Z', '2025-05-04T19:10:24.504Z');
INSERT INTO "animals" ("id", "identification_code", "species", "breed", "gender", "birth_date", "weight", "farm_id", "status", "last_vaccine_date", "created_at") VALUES (76, 'A1003', 'Boi', 'Raça de Boi', 'macho', '2021-05-04T19:10:24.532Z', 197, 6, 'quarantine', '2025-03-25T19:10:24.532Z', '2025-05-04T19:10:24.566Z');
INSERT INTO "animals" ("id", "identification_code", "species", "breed", "gender", "birth_date", "weight", "farm_id", "status", "last_vaccine_date", "created_at") VALUES (77, 'A1004', 'Ovelha', 'Raça de Ovelha', 'macho', '2020-05-04T19:10:24.593Z', 193, 6, 'quarantine', '2025-02-23T19:10:24.593Z', '2025-05-04T19:10:24.626Z');
INSERT INTO "animals" ("id", "identification_code", "species", "breed", "gender", "birth_date", "weight", "farm_id", "status", "last_vaccine_date", "created_at") VALUES (78, 'A1005', 'Vaca', 'Raça de Vaca', 'macho', '2021-05-04T19:10:24.652Z', 388, 6, 'quarantine', '2025-03-16T19:10:24.652Z', '2025-05-04T19:10:24.686Z');
INSERT INTO "animals" ("id", "identification_code", "species", "breed", "gender", "birth_date", "weight", "farm_id", "status", "last_vaccine_date", "created_at") VALUES (79, 'A1006', 'Boi', 'Raça de Boi', 'macho', '2023-05-04T19:10:24.715Z', 56, 6, 'quarantine', '2025-02-28T19:10:24.715Z', '2025-05-04T19:10:24.747Z');
INSERT INTO "animals" ("id", "identification_code", "species", "breed", "gender", "birth_date", "weight", "farm_id", "status", "last_vaccine_date", "created_at") VALUES (80, 'A1007', 'Boi', 'Raça de Boi', 'fêmea', '2022-05-04T19:10:24.774Z', 321, 6, 'sick', '2025-02-07T19:10:24.774Z', '2025-05-04T19:10:24.809Z');
INSERT INTO "animals" ("id", "identification_code", "species", "breed", "gender", "birth_date", "weight", "farm_id", "status", "last_vaccine_date", "created_at") VALUES (81, 'A1008', 'Galinha', 'Raça de Galinha', 'fêmea', '2023-05-04T19:10:24.838Z', 197, 6, 'sick', '2025-03-19T19:10:24.838Z', '2025-05-04T19:10:24.872Z');
INSERT INTO "animals" ("id", "identification_code", "species", "breed", "gender", "birth_date", "weight", "farm_id", "status", "last_vaccine_date", "created_at") VALUES (82, 'A1009', 'Cabra', 'Raça de Cabra', 'fêmea', '2024-05-04T19:10:24.908Z', 220, 6, 'quarantine', '2025-03-22T19:10:24.908Z', '2025-05-04T19:10:24.958Z');
INSERT INTO "animals" ("id", "identification_code", "species", "breed", "gender", "birth_date", "weight", "farm_id", "status", "last_vaccine_date", "created_at") VALUES (83, 'A1010', 'Vaca', 'Raça de Vaca', 'fêmea', '2024-05-04T19:10:24.990Z', 452, 6, 'pregnant', '2025-05-02T19:10:24.990Z', '2025-05-04T19:10:25.023Z');
INSERT INTO "animals" ("id", "identification_code", "species", "breed", "gender", "birth_date", "weight", "farm_id", "status", "last_vaccine_date", "created_at") VALUES (84, 'A1011', 'Boi', 'Raça de Boi', 'macho', '2021-05-04T19:10:25.052Z', 469, 6, 'healthy', '2025-04-10T19:10:25.052Z', '2025-05-04T19:10:25.168Z');
INSERT INTO "animals" ("id", "identification_code", "species", "breed", "gender", "birth_date", "weight", "farm_id", "status", "last_vaccine_date", "created_at") VALUES (85, 'A1012', 'Cabra', 'Raça de Cabra', 'fêmea', '2023-05-04T19:10:25.197Z', 380, 6, 'healthy', '2025-04-14T19:10:25.197Z', '2025-05-04T19:10:25.233Z');
INSERT INTO "animals" ("id", "identification_code", "species", "breed", "gender", "birth_date", "weight", "farm_id", "status", "last_vaccine_date", "created_at") VALUES (86, 'A1013', 'Boi', 'Raça de Boi', 'fêmea', '2022-05-04T19:10:25.261Z', 467, 6, 'pregnant', '2025-03-18T19:10:25.261Z', '2025-05-04T19:10:25.294Z');
INSERT INTO "animals" ("id", "identification_code", "species", "breed", "gender", "birth_date", "weight", "farm_id", "status", "last_vaccine_date", "created_at") VALUES (87, 'A1014', 'Galinha', 'Raça de Galinha', 'fêmea', '2024-05-04T19:10:25.322Z', 262, 6, 'treatment', '2025-03-28T19:10:25.322Z', '2025-05-04T19:10:25.355Z');
INSERT INTO "animals" ("id", "identification_code", "species", "breed", "gender", "birth_date", "weight", "farm_id", "status", "last_vaccine_date", "created_at") VALUES (88, 'A1015', 'Galinha', 'Raça de Galinha', 'fêmea', '2020-05-04T19:10:25.383Z', 522, 6, 'quarantine', '2025-02-18T19:10:25.383Z', '2025-05-04T19:10:25.415Z');
INSERT INTO "animals" ("id", "identification_code", "species", "breed", "gender", "birth_date", "weight", "farm_id", "status", "last_vaccine_date", "created_at") VALUES (89, 'A1016', 'Ovelha', 'Raça de Ovelha', 'fêmea', '2022-05-04T19:10:25.444Z', 203, 6, 'quarantine', '2025-04-07T19:10:25.444Z', '2025-05-04T19:10:25.478Z');
INSERT INTO "animals" ("id", "identification_code", "species", "breed", "gender", "birth_date", "weight", "farm_id", "status", "last_vaccine_date", "created_at") VALUES (90, 'A1017', 'Galinha', 'Raça de Galinha', 'macho', '2022-05-04T19:10:25.506Z', 233, 6, 'pregnant', '2025-05-01T19:10:25.506Z', '2025-05-04T19:10:25.539Z');
INSERT INTO "animals" ("id", "identification_code", "species", "breed", "gender", "birth_date", "weight", "farm_id", "status", "last_vaccine_date", "created_at") VALUES (91, 'A1018', 'Vaca', 'Raça de Vaca', 'fêmea', '2021-05-04T19:10:25.566Z', 50, 6, 'healthy', '2025-02-27T19:10:25.566Z', '2025-05-04T19:10:25.602Z');
INSERT INTO "animals" ("id", "identification_code", "species", "breed", "gender", "birth_date", "weight", "farm_id", "status", "last_vaccine_date", "created_at") VALUES (92, 'A1019', 'Galinha', 'Raça de Galinha', 'fêmea', '2023-05-04T19:10:25.630Z', 468, 6, 'sick', '2025-04-28T19:10:25.630Z', '2025-05-04T19:10:25.662Z');
INSERT INTO "animals" ("id", "identification_code", "species", "breed", "gender", "birth_date", "weight", "farm_id", "status", "last_vaccine_date", "created_at") VALUES (93, 'A1020', 'Cabra', 'Raça de Cabra', 'macho', '2022-05-04T19:10:25.689Z', 218, 6, 'sick', '2025-03-23T19:10:25.689Z', '2025-05-04T19:10:25.721Z');
INSERT INTO "animals" ("id", "identification_code", "species", "breed", "gender", "birth_date", "weight", "farm_id", "status", "last_vaccine_date", "created_at") VALUES (94, 'A1021', 'Vaca', 'Raça de Vaca', 'macho', '2020-05-04T19:10:25.751Z', 234, 6, 'quarantine', '2025-02-18T19:10:25.751Z', '2025-05-04T19:10:25.784Z');
INSERT INTO "animals" ("id", "identification_code", "species", "breed", "gender", "birth_date", "weight", "farm_id", "status", "last_vaccine_date", "created_at") VALUES (95, 'A1022', 'Vaca', 'Raça de Vaca', 'macho', '2021-05-04T19:10:25.814Z', 110, 6, 'sick', '2025-04-30T19:10:25.814Z', '2025-05-04T19:10:25.851Z');
INSERT INTO "animals" ("id", "identification_code", "species", "breed", "gender", "birth_date", "weight", "farm_id", "status", "last_vaccine_date", "created_at") VALUES (96, 'A1023', 'Vaca', 'Raça de Vaca', 'fêmea', '2020-05-04T19:10:25.883Z', 195, 6, 'quarantine', '2025-04-30T19:10:25.883Z', '2025-05-04T19:10:25.916Z');
INSERT INTO "animals" ("id", "identification_code", "species", "breed", "gender", "birth_date", "weight", "farm_id", "status", "last_vaccine_date", "created_at") VALUES (97, 'A1024', 'Galinha', 'Raça de Galinha', 'fêmea', '2022-05-04T19:10:25.943Z', 519, 6, 'quarantine', '2025-02-27T19:10:25.943Z', '2025-05-04T19:10:25.977Z');
INSERT INTO "animals" ("id", "identification_code", "species", "breed", "gender", "birth_date", "weight", "farm_id", "status", "last_vaccine_date", "created_at") VALUES (98, 'B2000', 'Vaca', 'Leiteira Holstein', 'macho', '2020-05-04T19:10:26.006Z', 515, 7, 'quarantine', '2025-03-18T19:10:26.006Z', '2025-05-04T19:10:26.039Z');
INSERT INTO "animals" ("id", "identification_code", "species", "breed", "gender", "birth_date", "weight", "farm_id", "status", "last_vaccine_date", "created_at") VALUES (99, 'B2001', 'Boi', 'Angus', 'macho', '2022-05-04T19:10:26.067Z', 285, 7, 'treatment', '2025-04-14T19:10:26.067Z', '2025-05-04T19:10:26.101Z');
INSERT INTO "animals" ("id", "identification_code", "species", "breed", "gender", "birth_date", "weight", "farm_id", "status", "last_vaccine_date", "created_at") VALUES (100, 'B2002', 'Vaca', 'Leiteira Holstein', 'fêmea', '2020-05-04T19:10:26.134Z', 450, 7, 'quarantine', '2025-04-28T19:10:26.134Z', '2025-05-04T19:10:26.169Z');
INSERT INTO "animals" ("id", "identification_code", "species", "breed", "gender", "birth_date", "weight", "farm_id", "status", "last_vaccine_date", "created_at") VALUES (101, 'B2003', 'Vaca', 'Leiteira Holstein', 'fêmea', '2020-05-04T19:10:26.197Z', 468, 7, 'quarantine', '2025-04-29T19:10:26.197Z', '2025-05-04T19:10:26.231Z');
INSERT INTO "animals" ("id", "identification_code", "species", "breed", "gender", "birth_date", "weight", "farm_id", "status", "last_vaccine_date", "created_at") VALUES (102, 'B2004', 'Vaca', 'Leiteira Holstein', 'macho', '2020-05-04T19:10:26.261Z', 217, 7, 'quarantine', '2025-03-02T19:10:26.261Z', '2025-05-04T19:10:26.294Z');
INSERT INTO "animals" ("id", "identification_code", "species", "breed", "gender", "birth_date", "weight", "farm_id", "status", "last_vaccine_date", "created_at") VALUES (103, 'B2005', 'Boi', 'Angus', 'fêmea', '2021-05-04T19:10:26.321Z', 249, 7, 'pregnant', '2025-02-11T19:10:26.321Z', '2025-05-04T19:10:26.358Z');
INSERT INTO "animals" ("id", "identification_code", "species", "breed", "gender", "birth_date", "weight", "farm_id", "status", "last_vaccine_date", "created_at") VALUES (104, 'A1000', 'Cabra', 'Raça de Cabra', 'macho', '2021-05-04T19:13:03.022Z', 481, 6, 'treatment', '2025-03-02T19:13:03.023Z', '2025-05-04T19:13:05.624Z');
INSERT INTO "animals" ("id", "identification_code", "species", "breed", "gender", "birth_date", "weight", "farm_id", "status", "last_vaccine_date", "created_at") VALUES (105, 'A1001', 'Ovelha', 'Raça de Ovelha', 'macho', '2020-05-04T19:13:05.681Z', 520, 6, 'pregnant', '2025-03-05T19:13:05.681Z', '2025-05-04T19:13:05.715Z');
INSERT INTO "animals" ("id", "identification_code", "species", "breed", "gender", "birth_date", "weight", "farm_id", "status", "last_vaccine_date", "created_at") VALUES (106, 'A1002', 'Vaca', 'Raça de Vaca', 'macho', '2021-05-04T19:13:05.742Z', 220, 6, 'treatment', '2025-04-19T19:13:05.742Z', '2025-05-04T19:13:05.775Z');
INSERT INTO "animals" ("id", "identification_code", "species", "breed", "gender", "birth_date", "weight", "farm_id", "status", "last_vaccine_date", "created_at") VALUES (107, 'A1003', 'Cabra', 'Raça de Cabra', 'fêmea', '2023-05-04T19:13:05.803Z', 251, 6, 'quarantine', '2025-03-09T19:13:05.803Z', '2025-05-04T19:13:05.835Z');
INSERT INTO "animals" ("id", "identification_code", "species", "breed", "gender", "birth_date", "weight", "farm_id", "status", "last_vaccine_date", "created_at") VALUES (108, 'A1004', 'Galinha', 'Raça de Galinha', 'fêmea', '2020-05-04T19:13:05.864Z', 430, 6, 'pregnant', '2025-03-08T19:13:05.864Z', '2025-05-04T19:13:05.897Z');
INSERT INTO "animals" ("id", "identification_code", "species", "breed", "gender", "birth_date", "weight", "farm_id", "status", "last_vaccine_date", "created_at") VALUES (109, 'A1005', 'Boi', 'Raça de Boi', 'fêmea', '2022-05-04T19:13:05.925Z', 293, 6, 'quarantine', '2025-03-28T19:13:05.925Z', '2025-05-04T19:13:05.961Z');
INSERT INTO "animals" ("id", "identification_code", "species", "breed", "gender", "birth_date", "weight", "farm_id", "status", "last_vaccine_date", "created_at") VALUES (110, 'A1006', 'Cabra', 'Raça de Cabra', 'macho', '2020-05-04T19:13:05.990Z', 307, 6, 'pregnant', '2025-04-13T19:13:05.990Z', '2025-05-04T19:13:06.025Z');
INSERT INTO "animals" ("id", "identification_code", "species", "breed", "gender", "birth_date", "weight", "farm_id", "status", "last_vaccine_date", "created_at") VALUES (111, 'A1007', 'Vaca', 'Raça de Vaca', 'macho', '2020-05-04T19:13:06.052Z', 241, 6, 'sick', '2025-03-19T19:13:06.052Z', '2025-05-04T19:13:06.085Z');
INSERT INTO "animals" ("id", "identification_code", "species", "breed", "gender", "birth_date", "weight", "farm_id", "status", "last_vaccine_date", "created_at") VALUES (112, 'A1008', 'Vaca', 'Raça de Vaca', 'fêmea', '2023-05-04T19:13:06.113Z', 124, 6, 'quarantine', '2025-04-18T19:13:06.113Z', '2025-05-04T19:13:06.146Z');
INSERT INTO "animals" ("id", "identification_code", "species", "breed", "gender", "birth_date", "weight", "farm_id", "status", "last_vaccine_date", "created_at") VALUES (113, 'A1009', 'Vaca', 'Raça de Vaca', 'macho', '2023-05-04T19:13:06.174Z', 328, 6, 'treatment', '2025-04-01T19:13:06.174Z', '2025-05-04T19:13:06.207Z');
INSERT INTO "animals" ("id", "identification_code", "species", "breed", "gender", "birth_date", "weight", "farm_id", "status", "last_vaccine_date", "created_at") VALUES (114, 'A1010', 'Boi', 'Raça de Boi', 'fêmea', '2020-05-04T19:13:06.235Z', 525, 6, 'healthy', '2025-04-16T19:13:06.235Z', '2025-05-04T19:13:06.269Z');
INSERT INTO "animals" ("id", "identification_code", "species", "breed", "gender", "birth_date", "weight", "farm_id", "status", "last_vaccine_date", "created_at") VALUES (115, 'A1011', 'Vaca', 'Raça de Vaca', 'fêmea', '2022-05-04T19:13:06.297Z', 227, 6, 'quarantine', '2025-03-13T19:13:06.298Z', '2025-05-04T19:13:06.331Z');
INSERT INTO "animals" ("id", "identification_code", "species", "breed", "gender", "birth_date", "weight", "farm_id", "status", "last_vaccine_date", "created_at") VALUES (116, 'A1012', 'Ovelha', 'Raça de Ovelha', 'fêmea', '2024-05-04T19:13:06.359Z', 488, 6, 'quarantine', '2025-03-17T19:13:06.359Z', '2025-05-04T19:13:06.399Z');
INSERT INTO "animals" ("id", "identification_code", "species", "breed", "gender", "birth_date", "weight", "farm_id", "status", "last_vaccine_date", "created_at") VALUES (117, 'A1013', 'Vaca', 'Raça de Vaca', 'fêmea', '2022-05-04T19:13:06.429Z', 498, 6, 'quarantine', '2025-04-13T19:13:06.429Z', '2025-05-04T19:13:06.463Z');
INSERT INTO "animals" ("id", "identification_code", "species", "breed", "gender", "birth_date", "weight", "farm_id", "status", "last_vaccine_date", "created_at") VALUES (118, 'A1014', 'Vaca', 'Raça de Vaca', 'fêmea', '2020-05-04T19:13:06.491Z', 217, 6, 'pregnant', '2025-02-08T19:13:06.491Z', '2025-05-04T19:13:06.524Z');
INSERT INTO "animals" ("id", "identification_code", "species", "breed", "gender", "birth_date", "weight", "farm_id", "status", "last_vaccine_date", "created_at") VALUES (119, 'A1015', 'Boi', 'Raça de Boi', 'macho', '2021-05-04T19:13:06.551Z', 417, 6, 'quarantine', '2025-04-08T19:13:06.551Z', '2025-05-04T19:13:06.585Z');
INSERT INTO "animals" ("id", "identification_code", "species", "breed", "gender", "birth_date", "weight", "farm_id", "status", "last_vaccine_date", "created_at") VALUES (120, 'A1016', 'Ovelha', 'Raça de Ovelha', 'macho', '2024-05-04T19:13:06.613Z', 62, 6, 'quarantine', '2025-04-13T19:13:06.613Z', '2025-05-04T19:13:06.645Z');
INSERT INTO "animals" ("id", "identification_code", "species", "breed", "gender", "birth_date", "weight", "farm_id", "status", "last_vaccine_date", "created_at") VALUES (121, 'A1017', 'Galinha', 'Raça de Galinha', 'fêmea', '2022-05-04T19:13:06.677Z', 286, 6, 'healthy', '2025-04-01T19:13:06.677Z', '2025-05-04T19:13:06.711Z');
INSERT INTO "animals" ("id", "identification_code", "species", "breed", "gender", "birth_date", "weight", "farm_id", "status", "last_vaccine_date", "created_at") VALUES (122, 'A1018', 'Boi', 'Raça de Boi', 'macho', '2024-05-04T19:13:06.739Z', 549, 6, 'treatment', '2025-03-17T19:13:06.739Z', '2025-05-04T19:13:06.771Z');
INSERT INTO "animals" ("id", "identification_code", "species", "breed", "gender", "birth_date", "weight", "farm_id", "status", "last_vaccine_date", "created_at") VALUES (123, 'A1019', 'Ovelha', 'Raça de Ovelha', 'fêmea', '2024-05-04T19:13:06.800Z', 241, 6, 'pregnant', '2025-04-28T19:13:06.800Z', '2025-05-04T19:13:06.833Z');
INSERT INTO "animals" ("id", "identification_code", "species", "breed", "gender", "birth_date", "weight", "farm_id", "status", "last_vaccine_date", "created_at") VALUES (124, 'A1020', 'Ovelha', 'Raça de Ovelha', 'fêmea', '2020-05-04T19:13:06.861Z', 398, 6, 'quarantine', '2025-04-21T19:13:06.861Z', '2025-05-04T19:13:06.893Z');
INSERT INTO "animals" ("id", "identification_code", "species", "breed", "gender", "birth_date", "weight", "farm_id", "status", "last_vaccine_date", "created_at") VALUES (125, 'A1021', 'Cabra', 'Raça de Cabra', 'fêmea', '2024-05-04T19:13:06.921Z', 221, 6, 'quarantine', '2025-03-12T19:13:06.921Z', '2025-05-04T19:13:06.957Z');
INSERT INTO "animals" ("id", "identification_code", "species", "breed", "gender", "birth_date", "weight", "farm_id", "status", "last_vaccine_date", "created_at") VALUES (126, 'A1022', 'Galinha', 'Raça de Galinha', 'macho', '2023-05-04T19:13:06.985Z', 132, 6, 'treatment', '2025-02-23T19:13:06.985Z', '2025-05-04T19:13:07.017Z');
INSERT INTO "animals" ("id", "identification_code", "species", "breed", "gender", "birth_date", "weight", "farm_id", "status", "last_vaccine_date", "created_at") VALUES (127, 'A1023', 'Boi', 'Raça de Boi', 'macho', '2022-05-04T19:13:07.050Z', 415, 6, 'sick', '2025-04-02T19:13:07.050Z', '2025-05-04T19:13:07.082Z');
INSERT INTO "animals" ("id", "identification_code", "species", "breed", "gender", "birth_date", "weight", "farm_id", "status", "last_vaccine_date", "created_at") VALUES (128, 'A1024', 'Galinha', 'Raça de Galinha', 'macho', '2023-05-04T19:13:07.111Z', 436, 6, 'treatment', '2025-04-26T19:13:07.111Z', '2025-05-04T19:13:07.142Z');
INSERT INTO "animals" ("id", "identification_code", "species", "breed", "gender", "birth_date", "weight", "farm_id", "status", "last_vaccine_date", "created_at") VALUES (129, 'B2000', 'Boi', 'Angus', 'fêmea', '2023-05-04T19:13:07.171Z', 310, 7, 'treatment', '2025-04-28T19:13:07.171Z', '2025-05-04T19:13:07.203Z');
INSERT INTO "animals" ("id", "identification_code", "species", "breed", "gender", "birth_date", "weight", "farm_id", "status", "last_vaccine_date", "created_at") VALUES (130, 'B2001', 'Vaca', 'Leiteira Holstein', 'fêmea', '2020-05-04T19:13:07.231Z', 624, 7, 'quarantine', '2025-02-21T19:13:07.231Z', '2025-05-04T19:13:07.264Z');
INSERT INTO "animals" ("id", "identification_code", "species", "breed", "gender", "birth_date", "weight", "farm_id", "status", "last_vaccine_date", "created_at") VALUES (131, 'B2002', 'Boi', 'Angus', 'fêmea', '2022-05-04T19:13:07.291Z', 372, 7, 'healthy', '2025-03-18T19:13:07.291Z', '2025-05-04T19:13:07.324Z');
INSERT INTO "animals" ("id", "identification_code", "species", "breed", "gender", "birth_date", "weight", "farm_id", "status", "last_vaccine_date", "created_at") VALUES (132, 'B2003', 'Boi', 'Angus', 'fêmea', '2022-05-04T19:13:07.352Z', 416, 7, 'sick', '2025-03-17T19:13:07.352Z', '2025-05-04T19:13:07.386Z');
INSERT INTO "animals" ("id", "identification_code", "species", "breed", "gender", "birth_date", "weight", "farm_id", "status", "last_vaccine_date", "created_at") VALUES (133, 'B2004', 'Vaca', 'Leiteira Holstein', 'fêmea', '2023-05-04T19:13:07.415Z', 390, 7, 'treatment', '2025-04-23T19:13:07.415Z', '2025-05-04T19:13:07.447Z');
INSERT INTO "animals" ("id", "identification_code", "species", "breed", "gender", "birth_date", "weight", "farm_id", "status", "last_vaccine_date", "created_at") VALUES (134, 'B2005', 'Vaca', 'Leiteira Holstein', 'macho', '2023-05-04T19:13:07.475Z', 316, 7, 'pregnant', '2025-02-07T19:13:07.475Z', '2025-05-04T19:13:07.507Z');
INSERT INTO "animals" ("id", "identification_code", "species", "breed", "gender", "birth_date", "weight", "farm_id", "status", "last_vaccine_date", "created_at") VALUES (135, 'B2006', 'Boi', 'Angus', 'fêmea', '2021-05-04T19:13:07.535Z', 686, 7, 'treatment', '2025-02-25T19:13:07.535Z', '2025-05-04T19:13:07.569Z');
INSERT INTO "animals" ("id", "identification_code", "species", "breed", "gender", "birth_date", "weight", "farm_id", "status", "last_vaccine_date", "created_at") VALUES (136, 'B2007', 'Vaca', 'Leiteira Holstein', 'fêmea', '2020-05-04T19:13:07.599Z', 464, 7, 'treatment', '2025-04-19T19:13:07.599Z', '2025-05-04T19:13:07.633Z');
INSERT INTO "animals" ("id", "identification_code", "species", "breed", "gender", "birth_date", "weight", "farm_id", "status", "last_vaccine_date", "created_at") VALUES (137, 'B2008', 'Vaca', 'Leiteira Holstein', 'fêmea', '2020-05-04T19:13:07.660Z', 240, 7, 'treatment', '2025-03-11T19:13:07.660Z', '2025-05-04T19:13:07.693Z');
INSERT INTO "animals" ("id", "identification_code", "species", "breed", "gender", "birth_date", "weight", "farm_id", "status", "last_vaccine_date", "created_at") VALUES (138, 'B2009', 'Vaca', 'Leiteira Holstein', 'fêmea', '2020-05-04T19:13:07.721Z', 668, 7, 'healthy', '2025-03-09T19:13:07.721Z', '2025-05-04T19:13:07.753Z');
INSERT INTO "animals" ("id", "identification_code", "species", "breed", "gender", "birth_date", "weight", "farm_id", "status", "last_vaccine_date", "created_at") VALUES (139, 'B2010', 'Boi', 'Angus', 'macho', '2023-05-04T19:13:07.782Z', 263, 7, 'quarantine', '2025-03-13T19:13:07.782Z', '2025-05-04T19:13:07.817Z');
INSERT INTO "animals" ("id", "identification_code", "species", "breed", "gender", "birth_date", "weight", "farm_id", "status", "last_vaccine_date", "created_at") VALUES (140, 'B2011', 'Vaca', 'Leiteira Holstein', 'macho', '2021-05-04T19:13:07.844Z', 377, 7, 'quarantine', '2025-02-12T19:13:07.845Z', '2025-05-04T19:13:07.877Z');
INSERT INTO "animals" ("id", "identification_code", "species", "breed", "gender", "birth_date", "weight", "farm_id", "status", "last_vaccine_date", "created_at") VALUES (141, 'B2012', 'Boi', 'Angus', 'fêmea', '2024-05-04T19:13:07.908Z', 225, 7, 'pregnant', '2025-04-21T19:13:07.908Z', '2025-05-04T19:13:07.940Z');
INSERT INTO "animals" ("id", "identification_code", "species", "breed", "gender", "birth_date", "weight", "farm_id", "status", "last_vaccine_date", "created_at") VALUES (142, 'B2013', 'Vaca', 'Leiteira Holstein', 'macho', '2021-05-04T19:13:07.968Z', 592, 7, 'quarantine', '2025-03-03T19:13:07.968Z', '2025-05-04T19:13:08.001Z');
INSERT INTO "animals" ("id", "identification_code", "species", "breed", "gender", "birth_date", "weight", "farm_id", "status", "last_vaccine_date", "created_at") VALUES (143, 'B2014', 'Boi', 'Angus', 'macho', '2024-05-04T19:13:08.030Z', 381, 7, 'healthy', '2025-03-26T19:13:08.030Z', '2025-05-04T19:13:08.063Z');
INSERT INTO "animals" ("id", "identification_code", "species", "breed", "gender", "birth_date", "weight", "farm_id", "status", "last_vaccine_date", "created_at") VALUES (144, 'B2015', 'Boi', 'Angus', 'macho', '2023-05-04T19:13:08.093Z', 487, 7, 'quarantine', '2025-04-02T19:13:08.093Z', '2025-05-04T19:13:08.127Z');
INSERT INTO "animals" ("id", "identification_code", "species", "breed", "gender", "birth_date", "weight", "farm_id", "status", "last_vaccine_date", "created_at") VALUES (145, 'B2016', 'Boi', 'Angus', 'fêmea', '2020-05-04T19:13:08.154Z', 512, 7, 'treatment', '2025-02-25T19:13:08.154Z', '2025-05-04T19:13:08.189Z');
INSERT INTO "animals" ("id", "identification_code", "species", "breed", "gender", "birth_date", "weight", "farm_id", "status", "last_vaccine_date", "created_at") VALUES (146, 'B2017', 'Boi', 'Angus', 'fêmea', '2020-05-04T19:13:08.218Z', 586, 7, 'healthy', '2025-04-20T19:13:08.218Z', '2025-05-04T19:13:08.250Z');
INSERT INTO "animals" ("id", "identification_code", "species", "breed", "gender", "birth_date", "weight", "farm_id", "status", "last_vaccine_date", "created_at") VALUES (147, 'B2018', 'Boi', 'Angus', 'macho', '2020-05-04T19:13:08.278Z', 211, 7, 'healthy', '2025-02-24T19:13:08.278Z', '2025-05-04T19:13:08.312Z');
INSERT INTO "animals" ("id", "identification_code", "species", "breed", "gender", "birth_date", "weight", "farm_id", "status", "last_vaccine_date", "created_at") VALUES (148, 'B2019', 'Boi', 'Angus', 'macho', '2021-05-04T19:13:08.340Z', 252, 7, 'pregnant', '2025-04-07T19:13:08.340Z', '2025-05-04T19:13:08.373Z');
INSERT INTO "animals" ("id", "identification_code", "species", "breed", "gender", "birth_date", "weight", "farm_id", "status", "last_vaccine_date", "created_at") VALUES (149, 'B2020', 'Boi', 'Angus', 'macho', '2023-05-04T19:13:08.400Z', 462, 7, 'pregnant', '2025-03-10T19:13:08.400Z', '2025-05-04T19:13:08.433Z');
INSERT INTO "animals" ("id", "identification_code", "species", "breed", "gender", "birth_date", "weight", "farm_id", "status", "last_vaccine_date", "created_at") VALUES (150, 'B2021', 'Boi', 'Angus', 'macho', '2020-05-04T19:13:08.461Z', 274, 7, 'sick', '2025-02-22T19:13:08.461Z', '2025-05-04T19:13:08.501Z');
INSERT INTO "animals" ("id", "identification_code", "species", "breed", "gender", "birth_date", "weight", "farm_id", "status", "last_vaccine_date", "created_at") VALUES (151, 'B2022', 'Boi', 'Angus', 'fêmea', '2024-05-04T19:13:08.529Z', 477, 7, 'healthy', '2025-03-20T19:13:08.529Z', '2025-05-04T19:13:08.561Z');
INSERT INTO "animals" ("id", "identification_code", "species", "breed", "gender", "birth_date", "weight", "farm_id", "status", "last_vaccine_date", "created_at") VALUES (152, 'B2023', 'Boi', 'Angus', 'fêmea', '2021-05-04T19:13:08.590Z', 673, 7, 'pregnant', '2025-02-22T19:13:08.590Z', '2025-05-04T19:13:08.623Z');
INSERT INTO "animals" ("id", "identification_code", "species", "breed", "gender", "birth_date", "weight", "farm_id", "status", "last_vaccine_date", "created_at") VALUES (153, 'B2024', 'Boi', 'Angus', 'fêmea', '2022-05-04T19:13:08.651Z', 318, 7, 'pregnant', '2025-02-19T19:13:08.651Z', '2025-05-04T19:13:08.682Z');
INSERT INTO "animals" ("id", "identification_code", "species", "breed", "gender", "birth_date", "weight", "farm_id", "status", "last_vaccine_date", "created_at") VALUES (154, 'B2025', 'Vaca', 'Leiteira Holstein', 'macho', '2023-05-04T19:13:08.711Z', 513, 7, 'healthy', '2025-02-17T19:13:08.711Z', '2025-05-04T19:13:08.743Z');
INSERT INTO "animals" ("id", "identification_code", "species", "breed", "gender", "birth_date", "weight", "farm_id", "status", "last_vaccine_date", "created_at") VALUES (155, 'B2026', 'Boi', 'Angus', 'fêmea', '2023-05-04T19:13:08.771Z', 295, 7, 'healthy', '2025-04-16T19:13:08.771Z', '2025-05-04T19:13:08.807Z');
INSERT INTO "animals" ("id", "identification_code", "species", "breed", "gender", "birth_date", "weight", "farm_id", "status", "last_vaccine_date", "created_at") VALUES (156, 'B2027', 'Boi', 'Angus', 'macho', '2020-05-04T19:13:08.835Z', 657, 7, 'healthy', '2025-02-07T19:13:08.835Z', '2025-05-04T19:13:08.868Z');
INSERT INTO "animals" ("id", "identification_code", "species", "breed", "gender", "birth_date", "weight", "farm_id", "status", "last_vaccine_date", "created_at") VALUES (157, 'B2028', 'Boi', 'Angus', 'fêmea', '2024-05-04T19:13:08.896Z', 239, 7, 'healthy', '2025-02-08T19:13:08.896Z', '2025-05-04T19:13:08.932Z');
INSERT INTO "animals" ("id", "identification_code", "species", "breed", "gender", "birth_date", "weight", "farm_id", "status", "last_vaccine_date", "created_at") VALUES (158, 'B2029', 'Vaca', 'Leiteira Holstein', 'fêmea', '2022-05-04T19:13:08.960Z', 699, 7, 'pregnant', '2025-04-15T19:13:08.960Z', '2025-05-04T19:13:08.992Z');
INSERT INTO "animals" ("id", "identification_code", "species", "breed", "gender", "birth_date", "weight", "farm_id", "status", "last_vaccine_date", "created_at") VALUES (159, 'B2030', 'Boi', 'Angus', 'macho', '2022-05-04T19:13:09.020Z', 568, 7, 'pregnant', '2025-03-19T19:13:09.020Z', '2025-05-04T19:13:09.054Z');
INSERT INTO "animals" ("id", "identification_code", "species", "breed", "gender", "birth_date", "weight", "farm_id", "status", "last_vaccine_date", "created_at") VALUES (160, 'B2031', 'Boi', 'Angus', 'fêmea', '2024-05-04T19:13:09.082Z', 250, 7, 'healthy', '2025-04-14T19:13:09.082Z', '2025-05-04T19:13:09.114Z');
INSERT INTO "animals" ("id", "identification_code", "species", "breed", "gender", "birth_date", "weight", "farm_id", "status", "last_vaccine_date", "created_at") VALUES (161, 'B2032', 'Boi', 'Angus', 'fêmea', '2022-05-04T19:13:09.142Z', 403, 7, 'treatment', '2025-02-08T19:13:09.142Z', '2025-05-04T19:13:09.175Z');
INSERT INTO "animals" ("id", "identification_code", "species", "breed", "gender", "birth_date", "weight", "farm_id", "status", "last_vaccine_date", "created_at") VALUES (162, 'B2033', 'Vaca', 'Leiteira Holstein', 'macho', '2021-05-04T19:13:09.202Z', 504, 7, 'quarantine', '2025-03-10T19:13:09.202Z', '2025-05-04T19:13:09.235Z');
INSERT INTO "animals" ("id", "identification_code", "species", "breed", "gender", "birth_date", "weight", "farm_id", "status", "last_vaccine_date", "created_at") VALUES (163, 'B2034', 'Vaca', 'Leiteira Holstein', 'fêmea', '2021-05-04T19:13:09.262Z', 395, 7, 'pregnant', '2025-03-19T19:13:09.262Z', '2025-05-04T19:13:09.297Z');
INSERT INTO "animals" ("id", "identification_code", "species", "breed", "gender", "birth_date", "weight", "farm_id", "status", "last_vaccine_date", "created_at") VALUES (164, 'B2035', 'Boi', 'Angus', 'fêmea', '2021-05-04T19:13:09.325Z', 434, 7, 'sick', '2025-03-21T19:13:09.325Z', '2025-05-04T19:13:09.358Z');
INSERT INTO "animals" ("id", "identification_code", "species", "breed", "gender", "birth_date", "weight", "farm_id", "status", "last_vaccine_date", "created_at") VALUES (165, 'B2036', 'Boi', 'Angus', 'macho', '2024-05-04T19:13:09.385Z', 498, 7, 'healthy', '2025-04-29T19:13:09.385Z', '2025-05-04T19:13:09.418Z');
INSERT INTO "animals" ("id", "identification_code", "species", "breed", "gender", "birth_date", "weight", "farm_id", "status", "last_vaccine_date", "created_at") VALUES (166, 'B2037', 'Vaca', 'Leiteira Holstein', 'macho', '2023-05-04T19:13:09.448Z', 292, 7, 'healthy', '2025-04-19T19:13:09.448Z', '2025-05-04T19:13:09.480Z');
INSERT INTO "animals" ("id", "identification_code", "species", "breed", "gender", "birth_date", "weight", "farm_id", "status", "last_vaccine_date", "created_at") VALUES (167, 'B2038', 'Boi', 'Angus', 'fêmea', '2024-05-04T19:13:09.508Z', 510, 7, 'treatment', '2025-02-11T19:13:09.508Z', '2025-05-04T19:13:09.539Z');
INSERT INTO "animals" ("id", "identification_code", "species", "breed", "gender", "birth_date", "weight", "farm_id", "status", "last_vaccine_date", "created_at") VALUES (168, 'B2039', 'Vaca', 'Leiteira Holstein', 'fêmea', '2022-05-04T19:13:09.568Z', 362, 7, 'healthy', '2025-02-06T19:13:09.568Z', '2025-05-04T19:13:09.600Z');
INSERT INTO "animals" ("id", "identification_code", "species", "breed", "gender", "birth_date", "weight", "farm_id", "status", "last_vaccine_date", "created_at") VALUES (169, 'B2040', 'Boi', 'Angus', 'fêmea', '2024-05-04T19:13:09.628Z', 483, 7, 'healthy', '2025-02-08T19:13:09.628Z', '2025-05-04T19:13:09.660Z');
INSERT INTO "animals" ("id", "identification_code", "species", "breed", "gender", "birth_date", "weight", "farm_id", "status", "last_vaccine_date", "created_at") VALUES (170, 'B2041', 'Boi', 'Angus', 'macho', '2024-05-04T19:13:09.687Z', 593, 7, 'treatment', '2025-04-11T19:13:09.687Z', '2025-05-04T19:13:09.720Z');
INSERT INTO "animals" ("id", "identification_code", "species", "breed", "gender", "birth_date", "weight", "farm_id", "status", "last_vaccine_date", "created_at") VALUES (171, 'B2042', 'Boi', 'Angus', 'fêmea', '2024-05-04T19:13:09.747Z', 584, 7, 'treatment', '2025-02-17T19:13:09.747Z', '2025-05-04T19:13:09.780Z');
INSERT INTO "animals" ("id", "identification_code", "species", "breed", "gender", "birth_date", "weight", "farm_id", "status", "last_vaccine_date", "created_at") VALUES (172, 'B2043', 'Boi', 'Angus', 'fêmea', '2024-05-04T19:13:09.808Z', 323, 7, 'sick', '2025-02-05T19:13:09.808Z', '2025-05-04T19:13:09.839Z');
INSERT INTO "animals" ("id", "identification_code", "species", "breed", "gender", "birth_date", "weight", "farm_id", "status", "last_vaccine_date", "created_at") VALUES (173, 'B2044', 'Vaca', 'Leiteira Holstein', 'fêmea', '2023-05-04T19:13:09.867Z', 340, 7, 'quarantine', '2025-04-08T19:13:09.867Z', '2025-05-04T19:13:09.899Z');
INSERT INTO "animals" ("id", "identification_code", "species", "breed", "gender", "birth_date", "weight", "farm_id", "status", "last_vaccine_date", "created_at") VALUES (174, 'B2045', 'Boi', 'Angus', 'fêmea', '2024-05-04T19:13:09.927Z', 362, 7, 'healthy', '2025-03-31T19:13:09.927Z', '2025-05-04T19:13:09.960Z');
INSERT INTO "animals" ("id", "identification_code", "species", "breed", "gender", "birth_date", "weight", "farm_id", "status", "last_vaccine_date", "created_at") VALUES (175, 'B2046', 'Boi', 'Angus', 'macho', '2023-05-04T19:13:09.988Z', 381, 7, 'pregnant', '2025-04-06T19:13:09.988Z', '2025-05-04T19:13:10.022Z');
INSERT INTO "animals" ("id", "identification_code", "species", "breed", "gender", "birth_date", "weight", "farm_id", "status", "last_vaccine_date", "created_at") VALUES (176, 'B2047', 'Boi', 'Angus', 'fêmea', '2021-05-04T19:13:10.050Z', 334, 7, 'pregnant', '2025-03-10T19:13:10.050Z', '2025-05-04T19:13:10.087Z');
INSERT INTO "animals" ("id", "identification_code", "species", "breed", "gender", "birth_date", "weight", "farm_id", "status", "last_vaccine_date", "created_at") VALUES (177, 'B2048', 'Boi', 'Angus', 'fêmea', '2023-05-04T19:13:10.115Z', 304, 7, 'quarantine', '2025-03-20T19:13:10.115Z', '2025-05-04T19:13:10.147Z');
INSERT INTO "animals" ("id", "identification_code", "species", "breed", "gender", "birth_date", "weight", "farm_id", "status", "last_vaccine_date", "created_at") VALUES (178, 'B2049', 'Boi', 'Angus', 'macho', '2023-05-04T19:13:10.175Z', 599, 7, 'healthy', '2025-02-16T19:13:10.175Z', '2025-05-04T19:13:10.207Z');
INSERT INTO "animals" ("id", "identification_code", "species", "breed", "gender", "birth_date", "weight", "farm_id", "status", "last_vaccine_date", "created_at") VALUES (179, 'P3000', 'Galinha', 'Orpington', 'fêmea', '2024-12-04T19:13:10.235Z', 2, 10, 'sick', '2025-04-14T19:13:10.235Z', '2025-05-04T19:13:10.267Z');
INSERT INTO "animals" ("id", "identification_code", "species", "breed", "gender", "birth_date", "weight", "farm_id", "status", "last_vaccine_date", "created_at") VALUES (180, 'P3001', 'Galinha', 'Plymouth Rock', 'macho', '2025-03-04T19:13:10.295Z', 1, 10, 'healthy', '2025-04-19T19:13:10.295Z', '2025-05-04T19:13:10.328Z');
INSERT INTO "animals" ("id", "identification_code", "species", "breed", "gender", "birth_date", "weight", "farm_id", "status", "last_vaccine_date", "created_at") VALUES (181, 'P3002', 'Galinha', 'Orpington', 'fêmea', '2024-08-04T19:13:10.357Z', 2, 10, 'sick', '2025-04-20T19:13:10.357Z', '2025-05-04T19:13:10.389Z');
INSERT INTO "animals" ("id", "identification_code", "species", "breed", "gender", "birth_date", "weight", "farm_id", "status", "last_vaccine_date", "created_at") VALUES (182, 'P3003', 'Galinha', 'Leghorn', 'fêmea', '2025-05-04T19:13:10.417Z', 3, 10, 'quarantine', '2025-04-27T19:13:10.417Z', '2025-05-04T19:13:10.452Z');
INSERT INTO "animals" ("id", "identification_code", "species", "breed", "gender", "birth_date", "weight", "farm_id", "status", "last_vaccine_date", "created_at") VALUES (183, 'P3004', 'Galinha', 'Ameraucana', 'fêmea', '2025-01-04T19:13:10.482Z', 1, 10, 'healthy', '2025-04-05T19:13:10.482Z', '2025-05-04T19:13:10.514Z');
INSERT INTO "animals" ("id", "identification_code", "species", "breed", "gender", "birth_date", "weight", "farm_id", "status", "last_vaccine_date", "created_at") VALUES (184, 'P3005', 'Galinha', 'Leghorn', 'fêmea', '2024-08-04T19:13:10.542Z', 2, 10, 'quarantine', '2025-04-15T19:13:10.542Z', '2025-05-04T19:13:10.574Z');
INSERT INTO "animals" ("id", "identification_code", "species", "breed", "gender", "birth_date", "weight", "farm_id", "status", "last_vaccine_date", "created_at") VALUES (185, 'P3006', 'Galinha', 'Plymouth Rock', 'fêmea', '2024-07-04T19:13:10.602Z', 3, 10, 'healthy', '2025-04-24T19:13:10.602Z', '2025-05-04T19:13:10.636Z');
INSERT INTO "animals" ("id", "identification_code", "species", "breed", "gender", "birth_date", "weight", "farm_id", "status", "last_vaccine_date", "created_at") VALUES (186, 'P3007', 'Galinha', 'Plymouth Rock', 'macho', '2025-04-04T19:13:10.664Z', 3, 10, 'sick', '2025-05-01T19:13:10.665Z', '2025-05-04T19:13:10.697Z');
INSERT INTO "animals" ("id", "identification_code", "species", "breed", "gender", "birth_date", "weight", "farm_id", "status", "last_vaccine_date", "created_at") VALUES (187, 'P3008', 'Galinha', 'Plymouth Rock', 'macho', '2024-09-04T19:13:10.726Z', 1, 10, 'quarantine', '2025-04-06T19:13:10.726Z', '2025-05-04T19:13:10.759Z');
INSERT INTO "animals" ("id", "identification_code", "species", "breed", "gender", "birth_date", "weight", "farm_id", "status", "last_vaccine_date", "created_at") VALUES (188, 'P3009', 'Galinha', 'Orpington', 'fêmea', '2024-08-04T19:13:10.791Z', 2, 10, 'healthy', '2025-04-14T19:13:10.791Z', '2025-05-04T19:13:10.823Z');
INSERT INTO "animals" ("id", "identification_code", "species", "breed", "gender", "birth_date", "weight", "farm_id", "status", "last_vaccine_date", "created_at") VALUES (189, 'P3010', 'Galinha', 'Plymouth Rock', 'macho', '2025-03-04T19:13:10.851Z', 3, 10, 'healthy', '2025-04-19T19:13:10.851Z', '2025-05-04T19:13:10.886Z');
INSERT INTO "animals" ("id", "identification_code", "species", "breed", "gender", "birth_date", "weight", "farm_id", "status", "last_vaccine_date", "created_at") VALUES (190, 'A1000', 'Galinha', 'Raça de Galinha', 'fêmea', '2021-05-04T19:13:38.141Z', 149, 6, 'healthy', '2025-03-22T19:13:38.141Z', '2025-05-04T19:13:40.431Z');
INSERT INTO "animals" ("id", "identification_code", "species", "breed", "gender", "birth_date", "weight", "farm_id", "status", "last_vaccine_date", "created_at") VALUES (191, 'A1001', 'Galinha', 'Raça de Galinha', 'macho', '2021-05-04T19:13:40.459Z', 192, 6, 'sick', '2025-03-26T19:13:40.459Z', '2025-05-04T19:13:40.491Z');
INSERT INTO "animals" ("id", "identification_code", "species", "breed", "gender", "birth_date", "weight", "farm_id", "status", "last_vaccine_date", "created_at") VALUES (192, 'A1002', 'Cabra', 'Raça de Cabra', 'fêmea', '2020-05-04T19:13:40.518Z', 364, 6, 'quarantine', '2025-04-02T19:13:40.518Z', '2025-05-04T19:13:40.551Z');
INSERT INTO "animals" ("id", "identification_code", "species", "breed", "gender", "birth_date", "weight", "farm_id", "status", "last_vaccine_date", "created_at") VALUES (193, 'A1003', 'Ovelha', 'Raça de Ovelha', 'macho', '2023-05-04T19:13:40.578Z', 232, 6, 'healthy', '2025-04-06T19:13:40.578Z', '2025-05-04T19:13:40.610Z');
INSERT INTO "animals" ("id", "identification_code", "species", "breed", "gender", "birth_date", "weight", "farm_id", "status", "last_vaccine_date", "created_at") VALUES (194, 'A1004', 'Vaca', 'Raça de Vaca', 'fêmea', '2021-05-04T19:13:40.637Z', 57, 6, 'pregnant', '2025-04-17T19:13:40.637Z', '2025-05-04T19:13:40.670Z');
INSERT INTO "animals" ("id", "identification_code", "species", "breed", "gender", "birth_date", "weight", "farm_id", "status", "last_vaccine_date", "created_at") VALUES (195, 'A1005', 'Vaca', 'Raça de Vaca', 'fêmea', '2021-05-04T19:13:40.696Z', 149, 6, 'pregnant', '2025-02-06T19:13:40.697Z', '2025-05-04T19:13:40.729Z');
INSERT INTO "animals" ("id", "identification_code", "species", "breed", "gender", "birth_date", "weight", "farm_id", "status", "last_vaccine_date", "created_at") VALUES (196, 'A1006', 'Boi', 'Raça de Boi', 'macho', '2021-05-04T19:13:40.756Z', 424, 6, 'treatment', '2025-02-26T19:13:40.756Z', '2025-05-04T19:13:40.789Z');
INSERT INTO "animals" ("id", "identification_code", "species", "breed", "gender", "birth_date", "weight", "farm_id", "status", "last_vaccine_date", "created_at") VALUES (197, 'A1007', 'Galinha', 'Raça de Galinha', 'macho', '2021-05-04T19:13:40.815Z', 510, 6, 'pregnant', '2025-02-21T19:13:40.815Z', '2025-05-04T19:13:40.848Z');
INSERT INTO "animals" ("id", "identification_code", "species", "breed", "gender", "birth_date", "weight", "farm_id", "status", "last_vaccine_date", "created_at") VALUES (198, 'A1008', 'Galinha', 'Raça de Galinha', 'fêmea', '2023-05-04T19:13:40.874Z', 376, 6, 'treatment', '2025-03-20T19:13:40.874Z', '2025-05-04T19:13:40.906Z');
INSERT INTO "animals" ("id", "identification_code", "species", "breed", "gender", "birth_date", "weight", "farm_id", "status", "last_vaccine_date", "created_at") VALUES (199, 'A1009', 'Cabra', 'Raça de Cabra', 'fêmea', '2020-05-04T19:13:40.933Z', 482, 6, 'sick', '2025-03-12T19:13:40.933Z', '2025-05-04T19:13:40.966Z');
INSERT INTO "animals" ("id", "identification_code", "species", "breed", "gender", "birth_date", "weight", "farm_id", "status", "last_vaccine_date", "created_at") VALUES (200, 'A1010', 'Cabra', 'Raça de Cabra', 'macho', '2020-05-04T19:13:40.993Z', 173, 6, 'healthy', '2025-02-07T19:13:40.993Z', '2025-05-04T19:13:41.025Z');
INSERT INTO "animals" ("id", "identification_code", "species", "breed", "gender", "birth_date", "weight", "farm_id", "status", "last_vaccine_date", "created_at") VALUES (201, 'A1011', 'Ovelha', 'Raça de Ovelha', 'macho', '2022-05-04T19:13:41.052Z', 314, 6, 'quarantine', '2025-04-06T19:13:41.052Z', '2025-05-04T19:13:41.083Z');
INSERT INTO "animals" ("id", "identification_code", "species", "breed", "gender", "birth_date", "weight", "farm_id", "status", "last_vaccine_date", "created_at") VALUES (202, 'A1012', 'Boi', 'Raça de Boi', 'fêmea', '2022-05-04T19:13:41.110Z', 495, 6, 'healthy', '2025-03-26T19:13:41.111Z', '2025-05-04T19:13:41.143Z');
INSERT INTO "animals" ("id", "identification_code", "species", "breed", "gender", "birth_date", "weight", "farm_id", "status", "last_vaccine_date", "created_at") VALUES (203, 'A1013', 'Boi', 'Raça de Boi', 'fêmea', '2022-05-04T19:13:41.170Z', 360, 6, 'healthy', '2025-04-08T19:13:41.170Z', '2025-05-04T19:13:41.202Z');
INSERT INTO "animals" ("id", "identification_code", "species", "breed", "gender", "birth_date", "weight", "farm_id", "status", "last_vaccine_date", "created_at") VALUES (204, 'A1014', 'Galinha', 'Raça de Galinha', 'macho', '2022-05-04T19:13:41.229Z', 200, 6, 'treatment', '2025-03-11T19:13:41.229Z', '2025-05-04T19:13:41.262Z');
INSERT INTO "animals" ("id", "identification_code", "species", "breed", "gender", "birth_date", "weight", "farm_id", "status", "last_vaccine_date", "created_at") VALUES (205, 'A1015', 'Boi', 'Raça de Boi', 'macho', '2024-05-04T19:13:41.288Z', 423, 6, 'healthy', '2025-03-28T19:13:41.288Z', '2025-05-04T19:13:41.321Z');
INSERT INTO "animals" ("id", "identification_code", "species", "breed", "gender", "birth_date", "weight", "farm_id", "status", "last_vaccine_date", "created_at") VALUES (206, 'A1016', 'Ovelha', 'Raça de Ovelha', 'fêmea', '2021-05-04T19:13:41.348Z', 447, 6, 'healthy', '2025-03-23T19:13:41.348Z', '2025-05-04T19:13:41.380Z');
INSERT INTO "animals" ("id", "identification_code", "species", "breed", "gender", "birth_date", "weight", "farm_id", "status", "last_vaccine_date", "created_at") VALUES (207, 'A1017', 'Vaca', 'Raça de Vaca', 'fêmea', '2023-05-04T19:13:41.407Z', 176, 6, 'healthy', '2025-03-10T19:13:41.407Z', '2025-05-04T19:13:41.439Z');
INSERT INTO "animals" ("id", "identification_code", "species", "breed", "gender", "birth_date", "weight", "farm_id", "status", "last_vaccine_date", "created_at") VALUES (208, 'A1018', 'Cabra', 'Raça de Cabra', 'fêmea', '2021-05-04T19:13:41.466Z', 251, 6, 'treatment', '2025-02-17T19:13:41.466Z', '2025-05-04T19:13:41.499Z');
INSERT INTO "animals" ("id", "identification_code", "species", "breed", "gender", "birth_date", "weight", "farm_id", "status", "last_vaccine_date", "created_at") VALUES (209, 'A1019', 'Boi', 'Raça de Boi', 'macho', '2021-05-04T19:13:41.525Z', 474, 6, 'healthy', '2025-02-21T19:13:41.526Z', '2025-05-04T19:13:41.557Z');
INSERT INTO "animals" ("id", "identification_code", "species", "breed", "gender", "birth_date", "weight", "farm_id", "status", "last_vaccine_date", "created_at") VALUES (210, 'A1020', 'Galinha', 'Raça de Galinha', 'macho', '2020-05-04T19:13:41.584Z', 431, 6, 'treatment', '2025-03-23T19:13:41.584Z', '2025-05-04T19:13:41.615Z');
INSERT INTO "animals" ("id", "identification_code", "species", "breed", "gender", "birth_date", "weight", "farm_id", "status", "last_vaccine_date", "created_at") VALUES (211, 'A1021', 'Ovelha', 'Raça de Ovelha', 'fêmea', '2022-05-04T19:13:41.642Z', 328, 6, 'treatment', '2025-05-01T19:13:41.642Z', '2025-05-04T19:13:41.674Z');
INSERT INTO "animals" ("id", "identification_code", "species", "breed", "gender", "birth_date", "weight", "farm_id", "status", "last_vaccine_date", "created_at") VALUES (212, 'A1022', 'Boi', 'Raça de Boi', 'macho', '2024-05-04T19:13:41.701Z', 502, 6, 'sick', '2025-05-04T19:13:41.701Z', '2025-05-04T19:13:41.733Z');
INSERT INTO "animals" ("id", "identification_code", "species", "breed", "gender", "birth_date", "weight", "farm_id", "status", "last_vaccine_date", "created_at") VALUES (213, 'A1023', 'Galinha', 'Raça de Galinha', 'macho', '2022-05-04T19:13:41.760Z', 526, 6, 'sick', '2025-03-13T19:13:41.760Z', '2025-05-04T19:13:41.792Z');
INSERT INTO "animals" ("id", "identification_code", "species", "breed", "gender", "birth_date", "weight", "farm_id", "status", "last_vaccine_date", "created_at") VALUES (214, 'A1024', 'Boi', 'Raça de Boi', 'fêmea', '2021-05-04T19:13:41.818Z', 58, 6, 'sick', '2025-02-20T19:13:41.818Z', '2025-05-04T19:13:41.850Z');
INSERT INTO "animals" ("id", "identification_code", "species", "breed", "gender", "birth_date", "weight", "farm_id", "status", "last_vaccine_date", "created_at") VALUES (215, 'B2000', 'Boi', 'Angus', 'macho', '2021-05-04T19:13:41.877Z', 529, 7, 'healthy', '2025-04-26T19:13:41.877Z', '2025-05-04T19:13:41.909Z');
INSERT INTO "animals" ("id", "identification_code", "species", "breed", "gender", "birth_date", "weight", "farm_id", "status", "last_vaccine_date", "created_at") VALUES (216, 'B2001', 'Vaca', 'Leiteira Holstein', 'fêmea', '2020-05-04T19:13:41.937Z', 475, 7, 'healthy', '2025-02-27T19:13:41.937Z', '2025-05-04T19:13:41.973Z');
INSERT INTO "animals" ("id", "identification_code", "species", "breed", "gender", "birth_date", "weight", "farm_id", "status", "last_vaccine_date", "created_at") VALUES (217, 'B2002', 'Boi', 'Angus', 'macho', '2022-05-04T19:13:42.001Z', 234, 7, 'quarantine', '2025-03-08T19:13:42.001Z', '2025-05-04T19:13:42.032Z');
INSERT INTO "animals" ("id", "identification_code", "species", "breed", "gender", "birth_date", "weight", "farm_id", "status", "last_vaccine_date", "created_at") VALUES (218, 'B2003', 'Boi', 'Angus', 'fêmea', '2024-05-04T19:13:42.059Z', 681, 7, 'healthy', '2025-03-26T19:13:42.059Z', '2025-05-04T19:13:42.094Z');
INSERT INTO "animals" ("id", "identification_code", "species", "breed", "gender", "birth_date", "weight", "farm_id", "status", "last_vaccine_date", "created_at") VALUES (219, 'B2004', 'Vaca', 'Leiteira Holstein', 'fêmea', '2021-05-04T19:13:42.120Z', 333, 7, 'pregnant', '2025-03-24T19:13:42.120Z', '2025-05-04T19:13:42.152Z');
INSERT INTO "animals" ("id", "identification_code", "species", "breed", "gender", "birth_date", "weight", "farm_id", "status", "last_vaccine_date", "created_at") VALUES (220, 'B2005', 'Vaca', 'Leiteira Holstein', 'fêmea', '2021-05-04T19:13:42.179Z', 610, 7, 'pregnant', '2025-02-19T19:13:42.179Z', '2025-05-04T19:13:42.211Z');
INSERT INTO "animals" ("id", "identification_code", "species", "breed", "gender", "birth_date", "weight", "farm_id", "status", "last_vaccine_date", "created_at") VALUES (221, 'B2006', 'Boi', 'Angus', 'fêmea', '2022-05-04T19:13:42.238Z', 499, 7, 'healthy', '2025-03-09T19:13:42.238Z', '2025-05-04T19:13:42.270Z');
INSERT INTO "animals" ("id", "identification_code", "species", "breed", "gender", "birth_date", "weight", "farm_id", "status", "last_vaccine_date", "created_at") VALUES (222, 'B2007', 'Boi', 'Angus', 'macho', '2022-05-04T19:13:42.297Z', 426, 7, 'healthy', '2025-03-20T19:13:42.297Z', '2025-05-04T19:13:42.329Z');
INSERT INTO "animals" ("id", "identification_code", "species", "breed", "gender", "birth_date", "weight", "farm_id", "status", "last_vaccine_date", "created_at") VALUES (223, 'B2008', 'Boi', 'Angus', 'fêmea', '2021-05-04T19:13:42.355Z', 423, 7, 'healthy', '2025-03-11T19:13:42.355Z', '2025-05-04T19:13:42.387Z');
INSERT INTO "animals" ("id", "identification_code", "species", "breed", "gender", "birth_date", "weight", "farm_id", "status", "last_vaccine_date", "created_at") VALUES (224, 'B2009', 'Boi', 'Angus', 'fêmea', '2020-05-04T19:13:42.414Z', 454, 7, 'treatment', '2025-04-07T19:13:42.414Z', '2025-05-04T19:13:42.446Z');
INSERT INTO "animals" ("id", "identification_code", "species", "breed", "gender", "birth_date", "weight", "farm_id", "status", "last_vaccine_date", "created_at") VALUES (225, 'B2010', 'Boi', 'Angus', 'macho', '2020-05-04T19:13:42.473Z', 485, 7, 'pregnant', '2025-03-19T19:13:42.473Z', '2025-05-04T19:13:42.505Z');
INSERT INTO "animals" ("id", "identification_code", "species", "breed", "gender", "birth_date", "weight", "farm_id", "status", "last_vaccine_date", "created_at") VALUES (226, 'B2011', 'Boi', 'Angus', 'fêmea', '2024-05-04T19:13:42.531Z', 392, 7, 'sick', '2025-04-15T19:13:42.531Z', '2025-05-04T19:13:42.563Z');
INSERT INTO "animals" ("id", "identification_code", "species", "breed", "gender", "birth_date", "weight", "farm_id", "status", "last_vaccine_date", "created_at") VALUES (227, 'B2012', 'Vaca', 'Leiteira Holstein', 'fêmea', '2024-05-04T19:13:42.590Z', 452, 7, 'pregnant', '2025-04-04T19:13:42.590Z', '2025-05-04T19:13:42.624Z');
INSERT INTO "animals" ("id", "identification_code", "species", "breed", "gender", "birth_date", "weight", "farm_id", "status", "last_vaccine_date", "created_at") VALUES (228, 'B2013', 'Vaca', 'Leiteira Holstein', 'fêmea', '2021-05-04T19:13:42.651Z', 580, 7, 'quarantine', '2025-03-25T19:13:42.651Z', '2025-05-04T19:13:42.683Z');
INSERT INTO "animals" ("id", "identification_code", "species", "breed", "gender", "birth_date", "weight", "farm_id", "status", "last_vaccine_date", "created_at") VALUES (229, 'B2014', 'Boi', 'Angus', 'fêmea', '2022-05-04T19:13:42.710Z', 285, 7, 'quarantine', '2025-04-22T19:13:42.710Z', '2025-05-04T19:13:42.742Z');
INSERT INTO "animals" ("id", "identification_code", "species", "breed", "gender", "birth_date", "weight", "farm_id", "status", "last_vaccine_date", "created_at") VALUES (230, 'B2015', 'Vaca', 'Leiteira Holstein', 'fêmea', '2020-05-04T19:13:42.768Z', 341, 7, 'quarantine', '2025-04-02T19:13:42.768Z', '2025-05-04T19:13:42.800Z');
INSERT INTO "animals" ("id", "identification_code", "species", "breed", "gender", "birth_date", "weight", "farm_id", "status", "last_vaccine_date", "created_at") VALUES (231, 'B2016', 'Boi', 'Angus', 'macho', '2023-05-04T19:13:42.827Z', 543, 7, 'treatment', '2025-02-10T19:13:42.827Z', '2025-05-04T19:13:42.859Z');
INSERT INTO "animals" ("id", "identification_code", "species", "breed", "gender", "birth_date", "weight", "farm_id", "status", "last_vaccine_date", "created_at") VALUES (232, 'B2017', 'Vaca', 'Leiteira Holstein', 'macho', '2020-05-04T19:13:42.886Z', 385, 7, 'sick', '2025-02-19T19:13:42.886Z', '2025-05-04T19:13:42.920Z');
INSERT INTO "animals" ("id", "identification_code", "species", "breed", "gender", "birth_date", "weight", "farm_id", "status", "last_vaccine_date", "created_at") VALUES (233, 'B2018', 'Boi', 'Angus', 'macho', '2024-05-04T19:13:42.946Z', 331, 7, 'pregnant', '2025-03-21T19:13:42.946Z', '2025-05-04T19:13:42.978Z');
INSERT INTO "animals" ("id", "identification_code", "species", "breed", "gender", "birth_date", "weight", "farm_id", "status", "last_vaccine_date", "created_at") VALUES (234, 'B2019', 'Vaca', 'Leiteira Holstein', 'macho', '2022-05-04T19:13:43.005Z', 214, 7, 'treatment', '2025-02-19T19:13:43.005Z', '2025-05-04T19:13:43.036Z');
INSERT INTO "animals" ("id", "identification_code", "species", "breed", "gender", "birth_date", "weight", "farm_id", "status", "last_vaccine_date", "created_at") VALUES (235, 'B2020', 'Boi', 'Angus', 'fêmea', '2022-05-04T19:13:43.062Z', 470, 7, 'pregnant', '2025-03-27T19:13:43.062Z', '2025-05-04T19:13:43.094Z');
INSERT INTO "animals" ("id", "identification_code", "species", "breed", "gender", "birth_date", "weight", "farm_id", "status", "last_vaccine_date", "created_at") VALUES (236, 'B2021', 'Vaca', 'Leiteira Holstein', 'fêmea', '2020-05-04T19:13:43.121Z', 296, 7, 'quarantine', '2025-03-17T19:13:43.121Z', '2025-05-04T19:13:43.156Z');
INSERT INTO "animals" ("id", "identification_code", "species", "breed", "gender", "birth_date", "weight", "farm_id", "status", "last_vaccine_date", "created_at") VALUES (237, 'B2022', 'Boi', 'Angus', 'macho', '2023-05-04T19:13:43.183Z', 609, 7, 'treatment', '2025-04-11T19:13:43.183Z', '2025-05-04T19:13:43.215Z');
INSERT INTO "animals" ("id", "identification_code", "species", "breed", "gender", "birth_date", "weight", "farm_id", "status", "last_vaccine_date", "created_at") VALUES (238, 'B2023', 'Vaca', 'Leiteira Holstein', 'fêmea', '2022-05-04T19:13:43.241Z', 259, 7, 'sick', '2025-02-26T19:13:43.241Z', '2025-05-04T19:13:43.278Z');
INSERT INTO "animals" ("id", "identification_code", "species", "breed", "gender", "birth_date", "weight", "farm_id", "status", "last_vaccine_date", "created_at") VALUES (239, 'B2024', 'Vaca', 'Leiteira Holstein', 'fêmea', '2022-05-04T19:13:43.309Z', 462, 7, 'sick', '2025-02-20T19:13:43.309Z', '2025-05-04T19:13:43.341Z');
INSERT INTO "animals" ("id", "identification_code", "species", "breed", "gender", "birth_date", "weight", "farm_id", "status", "last_vaccine_date", "created_at") VALUES (240, 'P3000', 'Galinha', 'Rhode Island Red', 'fêmea', '2025-05-04T19:13:43.367Z', 3, 10, 'sick', '2025-04-26T19:13:43.367Z', '2025-05-04T19:13:43.399Z');
INSERT INTO "animals" ("id", "identification_code", "species", "breed", "gender", "birth_date", "weight", "farm_id", "status", "last_vaccine_date", "created_at") VALUES (241, 'P3001', 'Galinha', 'Plymouth Rock', 'fêmea', '2024-11-04T19:13:43.426Z', 3, 10, 'sick', '2025-04-13T19:13:43.426Z', '2025-05-04T19:13:43.458Z');
INSERT INTO "animals" ("id", "identification_code", "species", "breed", "gender", "birth_date", "weight", "farm_id", "status", "last_vaccine_date", "created_at") VALUES (242, 'P3002', 'Galinha', 'Orpington', 'macho', '2024-08-04T19:13:43.485Z', 3, 10, 'sick', '2025-04-16T19:13:43.485Z', '2025-05-04T19:13:43.517Z');
INSERT INTO "animals" ("id", "identification_code", "species", "breed", "gender", "birth_date", "weight", "farm_id", "status", "last_vaccine_date", "created_at") VALUES (243, 'P3003', 'Galinha', 'Ameraucana', 'macho', '2025-04-04T19:13:43.544Z', 1, 10, 'sick', '2025-04-16T19:13:43.544Z', '2025-05-04T19:13:43.576Z');
INSERT INTO "animals" ("id", "identification_code", "species", "breed", "gender", "birth_date", "weight", "farm_id", "status", "last_vaccine_date", "created_at") VALUES (244, 'P3004', 'Galinha', 'Ameraucana', 'macho', '2024-10-04T19:13:43.602Z', 3, 10, 'sick', '2025-04-23T19:13:43.602Z', '2025-05-04T19:13:43.642Z');
INSERT INTO "animals" ("id", "identification_code", "species", "breed", "gender", "birth_date", "weight", "farm_id", "status", "last_vaccine_date", "created_at") VALUES (245, 'P3005', 'Galinha', 'Ameraucana', 'macho', '2024-10-04T19:13:43.669Z', 3, 10, 'healthy', '2025-05-04T19:13:43.669Z', '2025-05-04T19:13:43.701Z');
INSERT INTO "animals" ("id", "identification_code", "species", "breed", "gender", "birth_date", "weight", "farm_id", "status", "last_vaccine_date", "created_at") VALUES (246, 'P3006', 'Galinha', 'Rhode Island Red', 'macho', '2025-04-04T19:13:43.728Z', 2, 10, 'healthy', '2025-04-17T19:13:43.728Z', '2025-05-04T19:13:43.761Z');
INSERT INTO "animals" ("id", "identification_code", "species", "breed", "gender", "birth_date", "weight", "farm_id", "status", "last_vaccine_date", "created_at") VALUES (247, 'P3007', 'Galinha', 'Orpington', 'fêmea', '2025-02-04T19:13:43.788Z', 1, 10, 'quarantine', '2025-04-24T19:13:43.788Z', '2025-05-04T19:13:43.820Z');
INSERT INTO "animals" ("id", "identification_code", "species", "breed", "gender", "birth_date", "weight", "farm_id", "status", "last_vaccine_date", "created_at") VALUES (248, 'P3008', 'Galinha', 'Ameraucana', 'fêmea', '2024-06-04T19:13:43.846Z', 1, 10, 'quarantine', '2025-04-13T19:13:43.846Z', '2025-05-04T19:13:43.878Z');
INSERT INTO "animals" ("id", "identification_code", "species", "breed", "gender", "birth_date", "weight", "farm_id", "status", "last_vaccine_date", "created_at") VALUES (249, 'P3009', 'Galinha', 'Rhode Island Red', 'macho', '2025-04-04T19:13:43.905Z', 3, 10, 'quarantine', '2025-04-23T19:13:43.905Z', '2025-05-04T19:13:43.937Z');
INSERT INTO "animals" ("id", "identification_code", "species", "breed", "gender", "birth_date", "weight", "farm_id", "status", "last_vaccine_date", "created_at") VALUES (250, 'P3010', 'Galinha', 'Ameraucana', 'macho', '2025-01-04T19:13:43.964Z', 3, 10, 'quarantine', '2025-04-29T19:13:43.964Z', '2025-05-04T19:13:43.996Z');
INSERT INTO "animals" ("id", "identification_code", "species", "breed", "gender", "birth_date", "weight", "farm_id", "status", "last_vaccine_date", "created_at") VALUES (251, 'P3011', 'Galinha', 'Rhode Island Red', 'macho', '2024-06-04T19:13:44.023Z', 3, 10, 'sick', '2025-05-04T19:13:44.023Z', '2025-05-04T19:13:44.054Z');
INSERT INTO "animals" ("id", "identification_code", "species", "breed", "gender", "birth_date", "weight", "farm_id", "status", "last_vaccine_date", "created_at") VALUES (252, 'P3012', 'Galinha', 'Ameraucana', 'macho', '2025-01-04T19:13:44.081Z', 1, 10, 'healthy', '2025-05-02T19:13:44.081Z', '2025-05-04T19:13:44.113Z');
INSERT INTO "animals" ("id", "identification_code", "species", "breed", "gender", "birth_date", "weight", "farm_id", "status", "last_vaccine_date", "created_at") VALUES (253, 'P3013', 'Galinha', 'Leghorn', 'macho', '2024-08-04T19:13:44.140Z', 1, 10, 'healthy', '2025-04-23T19:13:44.140Z', '2025-05-04T19:13:44.171Z');
INSERT INTO "animals" ("id", "identification_code", "species", "breed", "gender", "birth_date", "weight", "farm_id", "status", "last_vaccine_date", "created_at") VALUES (254, 'P3014', 'Galinha', 'Orpington', 'fêmea', '2024-10-04T19:13:44.197Z', 3, 10, 'healthy', '2025-05-01T19:13:44.197Z', '2025-05-04T19:13:44.229Z');
INSERT INTO "animals" ("id", "identification_code", "species", "breed", "gender", "birth_date", "weight", "farm_id", "status", "last_vaccine_date", "created_at") VALUES (255, 'P3015', 'Galinha', 'Leghorn', 'fêmea', '2025-02-04T19:13:44.256Z', 1, 10, 'quarantine', '2025-04-13T19:13:44.256Z', '2025-05-04T19:13:44.288Z');
INSERT INTO "animals" ("id", "identification_code", "species", "breed", "gender", "birth_date", "weight", "farm_id", "status", "last_vaccine_date", "created_at") VALUES (256, 'P3016', 'Galinha', 'Plymouth Rock', 'fêmea', '2024-11-04T19:13:44.315Z', 1, 10, 'healthy', '2025-04-19T19:13:44.315Z', '2025-05-04T19:13:44.347Z');
INSERT INTO "animals" ("id", "identification_code", "species", "breed", "gender", "birth_date", "weight", "farm_id", "status", "last_vaccine_date", "created_at") VALUES (257, 'P3017', 'Galinha', 'Orpington', 'fêmea', '2024-08-04T19:13:44.375Z', 3, 10, 'quarantine', '2025-04-10T19:13:44.375Z', '2025-05-04T19:13:44.407Z');
INSERT INTO "animals" ("id", "identification_code", "species", "breed", "gender", "birth_date", "weight", "farm_id", "status", "last_vaccine_date", "created_at") VALUES (258, 'P3018', 'Galinha', 'Orpington', 'fêmea', '2025-01-04T19:13:44.435Z', 1, 10, 'healthy', '2025-04-17T19:13:44.435Z', '2025-05-04T19:13:44.467Z');
INSERT INTO "animals" ("id", "identification_code", "species", "breed", "gender", "birth_date", "weight", "farm_id", "status", "last_vaccine_date", "created_at") VALUES (259, 'P3019', 'Galinha', 'Orpington', 'macho', '2024-09-04T19:13:44.494Z', 1, 10, 'quarantine', '2025-04-13T19:13:44.494Z', '2025-05-04T19:13:44.526Z');

-- Dados da tabela: crops
INSERT INTO "crops" ("id", "name", "sector", "area", "planting_date", "expected_harvest_date", "status", "farm_id", "created_at") VALUES (2, 'Milho', 'Setor A', 49, '2025-01-09T19:14:30.348Z', '2025-04-22T19:14:30.348Z', 'ready', 6, '2025-05-04T19:14:30.636Z');
INSERT INTO "crops" ("id", "name", "sector", "area", "planting_date", "expected_harvest_date", "status", "farm_id", "created_at") VALUES (3, 'Milho', 'Setor B', 45, '2025-03-21T19:14:30.680Z', '2025-07-13T19:14:30.680Z', 'harvested', 6, '2025-05-04T19:14:30.712Z');
INSERT INTO "crops" ("id", "name", "sector", "area", "planting_date", "expected_harvest_date", "status", "farm_id", "created_at") VALUES (4, 'Batata', 'Setor C', 38, '2025-03-24T19:14:30.741Z', '2025-06-24T19:14:30.741Z', 'ready', 6, '2025-05-04T19:14:30.779Z');
INSERT INTO "crops" ("id", "name", "sector", "area", "planting_date", "expected_harvest_date", "status", "farm_id", "created_at") VALUES (5, 'Milho', 'Setor D', 44, '2025-03-27T19:14:30.807Z', '2025-07-12T19:14:30.807Z', 'ready', 6, '2025-05-04T19:14:30.845Z');
INSERT INTO "crops" ("id", "name", "sector", "area", "planting_date", "expected_harvest_date", "status", "farm_id", "created_at") VALUES (6, 'Cana-de-açúcar', 'Setor E', 14, '2025-01-28T19:14:30.878Z', '2025-05-18T19:14:30.878Z', 'growing', 6, '2025-05-04T19:14:30.912Z');
INSERT INTO "crops" ("id", "name", "sector", "area", "planting_date", "expected_harvest_date", "status", "farm_id", "created_at") VALUES (7, 'Cana-de-açúcar', 'Setor A', 44, '2025-01-24T19:14:30.940Z', '2025-05-06T19:14:30.940Z', 'ready', 6, '2025-05-04T19:14:30.973Z');
INSERT INTO "crops" ("id", "name", "sector", "area", "planting_date", "expected_harvest_date", "status", "farm_id", "created_at") VALUES (8, 'Batata', 'Setor B', 46, '2025-02-18T19:14:31.000Z', '2025-05-26T19:14:31.000Z', 'planting', 6, '2025-05-04T19:14:31.036Z');
INSERT INTO "crops" ("id", "name", "sector", "area", "planting_date", "expected_harvest_date", "status", "farm_id", "created_at") VALUES (9, 'Cana-de-açúcar', 'Setor C', 56, '2025-05-04T19:14:31.064Z', '2025-08-25T19:14:31.064Z', 'planting', 6, '2025-05-04T19:14:31.096Z');
INSERT INTO "crops" ("id", "name", "sector", "area", "planting_date", "expected_harvest_date", "status", "farm_id", "created_at") VALUES (10, 'Mandioca', 'Setor D', 29, '2025-02-09T19:14:31.123Z', '2025-05-24T19:14:31.123Z', 'planting', 6, '2025-05-04T19:14:31.155Z');
INSERT INTO "crops" ("id", "name", "sector", "area", "planting_date", "expected_harvest_date", "status", "farm_id", "created_at") VALUES (11, 'Cana-de-açúcar', 'Setor E', 47, '2025-04-01T19:14:31.182Z', '2025-07-08T19:14:31.182Z', 'growing', 6, '2025-05-04T19:14:31.218Z');
INSERT INTO "crops" ("id", "name", "sector", "area", "planting_date", "expected_harvest_date", "status", "farm_id", "created_at") VALUES (12, 'Algodão', 'Setor A', 113, '2025-05-03T19:14:31.247Z', '2025-08-01T19:14:31.247Z', 'ready', 8, '2025-05-04T19:14:31.281Z');
INSERT INTO "crops" ("id", "name", "sector", "area", "planting_date", "expected_harvest_date", "status", "farm_id", "created_at") VALUES (13, 'Arroz', 'Setor B', 107, '2025-02-07T19:14:31.309Z', '2025-05-26T19:14:31.309Z', 'planting', 8, '2025-05-04T19:14:31.342Z');
INSERT INTO "crops" ("id", "name", "sector", "area", "planting_date", "expected_harvest_date", "status", "farm_id", "created_at") VALUES (14, 'Arroz', 'Setor C', 104, '2025-02-26T19:14:31.431Z', '2025-06-14T19:14:31.431Z', 'ready', 8, '2025-05-04T19:14:31.465Z');
INSERT INTO "crops" ("id", "name", "sector", "area", "planting_date", "expected_harvest_date", "status", "farm_id", "created_at") VALUES (15, 'Algodão', 'Setor D', 61, '2025-05-01T19:14:31.492Z', '2025-08-08T19:14:31.492Z', 'ready', 8, '2025-05-04T19:14:31.530Z');
INSERT INTO "crops" ("id", "name", "sector", "area", "planting_date", "expected_harvest_date", "status", "farm_id", "created_at") VALUES (16, 'Café', 'Setor E', 131, '2025-03-14T19:14:31.562Z', '2025-06-20T19:14:31.562Z', 'ready', 8, '2025-05-04T19:14:31.595Z');
INSERT INTO "crops" ("id", "name", "sector", "area", "planting_date", "expected_harvest_date", "status", "farm_id", "created_at") VALUES (17, 'Café', 'Setor F', 132, '2025-01-25T19:14:31.624Z', '2025-05-22T19:14:31.624Z', 'harvested', 8, '2025-05-04T19:14:31.656Z');
INSERT INTO "crops" ("id", "name", "sector", "area", "planting_date", "expected_harvest_date", "status", "farm_id", "created_at") VALUES (18, 'Café', 'Setor G', 57, '2025-01-27T19:14:31.683Z', '2025-05-15T19:14:31.683Z', 'growing', 8, '2025-05-04T19:14:31.738Z');
INSERT INTO "crops" ("id", "name", "sector", "area", "planting_date", "expected_harvest_date", "status", "farm_id", "created_at") VALUES (19, 'Soja', 'Setor H', 56, '2025-04-03T19:14:31.770Z', '2025-07-05T19:14:31.770Z', 'growing', 8, '2025-05-04T19:14:31.802Z');
INSERT INTO "crops" ("id", "name", "sector", "area", "planting_date", "expected_harvest_date", "status", "farm_id", "created_at") VALUES (20, 'Algodão', 'Setor A', 144, '2025-01-19T19:14:31.829Z', '2025-04-22T19:14:31.829Z', 'harvested', 8, '2025-05-04T19:14:31.862Z');
INSERT INTO "crops" ("id", "name", "sector", "area", "planting_date", "expected_harvest_date", "status", "farm_id", "created_at") VALUES (21, 'Algodão', 'Setor B', 69, '2025-01-19T19:14:31.889Z', '2025-04-21T19:14:31.889Z', 'growing', 8, '2025-05-04T19:14:31.926Z');
INSERT INTO "crops" ("id", "name", "sector", "area", "planting_date", "expected_harvest_date", "status", "farm_id", "created_at") VALUES (22, 'Amendoim', 'Setor C', 134, '2025-02-09T19:14:31.953Z', '2025-05-18T19:14:31.953Z', 'planting', 8, '2025-05-04T19:14:31.995Z');
INSERT INTO "crops" ("id", "name", "sector", "area", "planting_date", "expected_harvest_date", "status", "farm_id", "created_at") VALUES (23, 'Amendoim', 'Setor D', 90, '2025-01-25T19:14:32.031Z', '2025-05-16T19:14:32.031Z', 'planting', 8, '2025-05-04T19:14:32.064Z');
INSERT INTO "crops" ("id", "name", "sector", "area", "planting_date", "expected_harvest_date", "status", "farm_id", "created_at") VALUES (24, 'Café', 'Setor E', 72, '2025-01-22T19:14:32.092Z', '2025-05-08T19:14:32.092Z', 'ready', 8, '2025-05-04T19:14:32.124Z');
INSERT INTO "crops" ("id", "name", "sector", "area", "planting_date", "expected_harvest_date", "status", "farm_id", "created_at") VALUES (25, 'Café', 'Setor F', 104, '2025-03-19T19:14:32.151Z', '2025-07-10T19:14:32.151Z', 'ready', 8, '2025-05-04T19:14:32.187Z');
INSERT INTO "crops" ("id", "name", "sector", "area", "planting_date", "expected_harvest_date", "status", "farm_id", "created_at") VALUES (26, 'Algodão', 'Setor G', 101, '2025-01-31T19:14:32.214Z', '2025-05-12T19:14:32.214Z', 'planting', 8, '2025-05-04T19:14:32.248Z');
INSERT INTO "crops" ("id", "name", "sector", "area", "planting_date", "expected_harvest_date", "status", "farm_id", "created_at") VALUES (27, 'Manga', 'Setor A', 48, '2025-04-08T19:14:32.276Z', '2025-11-03T19:14:32.276Z', 'planting', 9, '2025-05-04T19:14:32.308Z');
INSERT INTO "crops" ("id", "name", "sector", "area", "planting_date", "expected_harvest_date", "status", "farm_id", "created_at") VALUES (28, 'Abacaxi', 'Setor B', 39, '2025-05-02T19:14:32.335Z', '2025-12-16T19:14:32.335Z', 'planting', 9, '2025-05-04T19:14:32.369Z');
INSERT INTO "crops" ("id", "name", "sector", "area", "planting_date", "expected_harvest_date", "status", "farm_id", "created_at") VALUES (29, 'Banana', 'Setor C', 31, '2025-03-19T19:14:32.397Z', '2025-11-17T19:14:32.397Z', 'growing', 9, '2025-05-04T19:14:32.428Z');
INSERT INTO "crops" ("id", "name", "sector", "area", "planting_date", "expected_harvest_date", "status", "farm_id", "created_at") VALUES (30, 'Goiaba', 'Setor D', 33, '2024-07-21T19:14:32.456Z', '2025-04-11T19:14:32.456Z', 'ready', 9, '2025-05-04T19:14:32.506Z');
INSERT INTO "crops" ("id", "name", "sector", "area", "planting_date", "expected_harvest_date", "status", "farm_id", "created_at") VALUES (31, 'Papaia', 'Setor E', 48, '2024-07-02T19:14:32.545Z', '2025-02-11T19:14:32.545Z', 'harvested', 9, '2025-05-04T19:14:32.579Z');
INSERT INTO "crops" ("id", "name", "sector", "area", "planting_date", "expected_harvest_date", "status", "farm_id", "created_at") VALUES (32, 'Maracujá', 'Setor F', 24, '2024-06-26T19:14:32.608Z', '2024-12-25T19:14:32.608Z', 'harvested', 9, '2025-05-04T19:14:32.642Z');
INSERT INTO "crops" ("id", "name", "sector", "area", "planting_date", "expected_harvest_date", "status", "farm_id", "created_at") VALUES (33, 'Coco', 'Setor G', 34, '2024-10-09T19:14:32.670Z', '2025-05-23T19:14:32.670Z', 'planting', 9, '2025-05-04T19:14:32.703Z');

-- Dados da tabela: farms
INSERT INTO "farms" ("id", "name", "location", "size", "created_by", "admin_id", "description", "coordinates", "type", "created_at") VALUES (6, 'Fazenda Modelo', 'Luanda, Angola', 1000, 10, 11, 'Uma fazenda modelo para demonstração do sistema', '-8.8368,13.2343', 'mixed', '2025-05-04T19:10:20.943Z');
INSERT INTO "farms" ("id", "name", "location", "size", "created_by", "admin_id", "description", "coordinates", "type", "created_at") VALUES (7, 'Fazenda Pecuária do Sul', 'Huambo, Angola', 2500, 10, 11, 'Fazenda de criação de gado no sul de Angola', '-12.7761,15.7385', 'livestock', '2025-05-04T19:10:21.005Z');
INSERT INTO "farms" ("id", "name", "location", "size", "created_by", "admin_id", "description", "coordinates", "type", "created_at") VALUES (8, 'Fazenda Agrícola do Norte', 'Uíge, Angola', 1500, 10, 11, 'Fazenda de plantações no norte de Angola', '-7.6087,15.0613', 'crop', '2025-05-04T19:10:21.066Z');
INSERT INTO "farms" ("id", "name", "location", "size", "created_by", "admin_id", "description", "coordinates", "type", "created_at") VALUES (9, 'Pomar Tropical', 'Benguela, Angola', 350, 10, 11, 'Fazenda especializada na produção de frutas tropicais', '-12.5763,13.4055', 'crop', '2025-05-04T19:10:21.130Z');
INSERT INTO "farms" ("id", "name", "location", "size", "created_by", "admin_id", "description", "coordinates", "type", "created_at") VALUES (10, 'Granja Aviária', 'Lubango, Angola', 200, 10, 11, 'Granja dedicada à criação de aves', '-14.9195,13.5326', 'livestock', '2025-05-04T19:10:21.190Z');
INSERT INTO "farms" ("id", "name", "location", "size", "created_by", "admin_id", "description", "coordinates", "type", "created_at") VALUES (11, 'Fazenda Modelo', 'Luanda, Angola', 1000, 17, 18, 'Fazenda principal para testes do sistema', '-8.8368,13.2343', 'mixed', '2025-05-05T08:33:50.909Z');
INSERT INTO "farms" ("id", "name", "location", "size", "created_by", "admin_id", "description", "coordinates", "type", "created_at") VALUES (12, 'Fazenda Modelo', 'Luanda, Angola', 1000, 18, 18, 'Fazenda principal para testes', '-8.8368,13.2343', 'mixed', '2025-05-05T08:35:01.195Z');

-- Dados da tabela: inventory
INSERT INTO "inventory" ("id", "name", "category", "quantity", "unit", "farm_id", "minimum_level", "created_at") VALUES (5, 'Ração animal', 'tools', 742, 'l', 6, 148, '2025-05-04T19:15:05.915Z');
INSERT INTO "inventory" ("id", "name", "category", "quantity", "unit", "farm_id", "minimum_level", "created_at") VALUES (6, 'Vacina geral', 'fertilizer', 613, 'boxes', 6, 122, '2025-05-04T19:15:05.991Z');
INSERT INTO "inventory" ("id", "name", "category", "quantity", "unit", "farm_id", "minimum_level", "created_at") VALUES (7, 'Sementes de milho', 'tools', 194, 'bags', 6, 38, '2025-05-04T19:15:06.059Z');
INSERT INTO "inventory" ("id", "name", "category", "quantity", "unit", "farm_id", "minimum_level", "created_at") VALUES (8, 'Fertilizante NPK', 'medicine', 53, 'l', 6, 10, '2025-05-04T19:15:06.124Z');
INSERT INTO "inventory" ("id", "name", "category", "quantity", "unit", "farm_id", "minimum_level", "created_at") VALUES (9, 'Ferramentas manuais', 'fertilizer', 752, 'bags', 6, 150, '2025-05-04T19:15:06.188Z');
INSERT INTO "inventory" ("id", "name", "category", "quantity", "unit", "farm_id", "minimum_level", "created_at") VALUES (10, 'Antibiótico', 'equipment', 517, 'l', 6, 103, '2025-05-04T19:15:06.257Z');
INSERT INTO "inventory" ("id", "name", "category", "quantity", "unit", "farm_id", "minimum_level", "created_at") VALUES (11, 'Sementes de feijão', 'feed', 512, 'units', 6, 102, '2025-05-04T19:15:06.337Z');
INSERT INTO "inventory" ("id", "name", "category", "quantity", "unit", "farm_id", "minimum_level", "created_at") VALUES (12, 'Pesticida', 'seeds', 579, 'bags', 6, 115, '2025-05-04T19:15:06.399Z');
INSERT INTO "inventory" ("id", "name", "category", "quantity", "unit", "farm_id", "minimum_level", "created_at") VALUES (13, 'Equipamento de irrigação', 'feed', 568, 'l', 6, 113, '2025-05-04T19:15:06.466Z');
INSERT INTO "inventory" ("id", "name", "category", "quantity", "unit", "farm_id", "minimum_level", "created_at") VALUES (14, 'Suplemento alimentar', 'feed', 501, 'bags', 6, 100, '2025-05-04T19:15:06.534Z');
INSERT INTO "inventory" ("id", "name", "category", "quantity", "unit", "farm_id", "minimum_level", "created_at") VALUES (15, 'Remédio para parasitas', 'medicine', 5, 'boxes', 6, 10, '2025-05-04T19:15:06.604Z');
INSERT INTO "inventory" ("id", "name", "category", "quantity", "unit", "farm_id", "minimum_level", "created_at") VALUES (16, 'Semente de alta produtividade', 'seeds', 8, 'bags', 6, 15, '2025-05-04T19:15:06.666Z');
INSERT INTO "inventory" ("id", "name", "category", "quantity", "unit", "farm_id", "minimum_level", "created_at") VALUES (17, 'Ração bovina', 'medicine', 943, 'bags', 7, 141, '2025-05-04T19:15:06.732Z');
INSERT INTO "inventory" ("id", "name", "category", "quantity", "unit", "farm_id", "minimum_level", "created_at") VALUES (18, 'Vacina contra febre aftosa', 'feed', 267, 'units', 7, 40, '2025-05-04T19:15:06.801Z');
INSERT INTO "inventory" ("id", "name", "category", "quantity", "unit", "farm_id", "minimum_level", "created_at") VALUES (19, 'Suplemento mineral', 'feed', 166, 'units', 7, 24, '2025-05-04T19:15:06.865Z');
INSERT INTO "inventory" ("id", "name", "category", "quantity", "unit", "farm_id", "minimum_level", "created_at") VALUES (20, 'Medicamento antibiótico', 'seeds', 60, 'l', 7, 9, '2025-05-04T19:15:06.925Z');
INSERT INTO "inventory" ("id", "name", "category", "quantity", "unit", "farm_id", "minimum_level", "created_at") VALUES (21, 'Equipamento de ordenha', 'medicine', 184, 'bags', 7, 27, '2025-05-04T19:15:06.991Z');
INSERT INTO "inventory" ("id", "name", "category", "quantity", "unit", "farm_id", "minimum_level", "created_at") VALUES (22, 'Sal mineral', 'seeds', 706, 'units', 7, 105, '2025-05-04T19:15:07.058Z');
INSERT INTO "inventory" ("id", "name", "category", "quantity", "unit", "farm_id", "minimum_level", "created_at") VALUES (23, 'Vermífugo', 'medicine', 187, 'kg', 7, 28, '2025-05-04T19:15:07.125Z');
INSERT INTO "inventory" ("id", "name", "category", "quantity", "unit", "farm_id", "minimum_level", "created_at") VALUES (24, 'Semente de café', 'equipment', 394, 'units', 8, 39, '2025-05-04T19:15:07.185Z');
INSERT INTO "inventory" ("id", "name", "category", "quantity", "unit", "farm_id", "minimum_level", "created_at") VALUES (25, 'Fertilizante orgânico', 'fertilizer', 163, 'l', 8, 16, '2025-05-04T19:15:07.250Z');
INSERT INTO "inventory" ("id", "name", "category", "quantity", "unit", "farm_id", "minimum_level", "created_at") VALUES (26, 'Fertilizante químico', 'seeds', 737, 'units', 8, 73, '2025-05-04T19:15:07.317Z');
INSERT INTO "inventory" ("id", "name", "category", "quantity", "unit", "farm_id", "minimum_level", "created_at") VALUES (27, 'Inseticida natural', 'tools', 388, 'boxes', 8, 38, '2025-05-04T19:15:07.386Z');
INSERT INTO "inventory" ("id", "name", "category", "quantity", "unit", "farm_id", "minimum_level", "created_at") VALUES (28, 'Herbicida', 'equipment', 1008, 'boxes', 8, 100, '2025-05-04T19:15:07.447Z');
INSERT INTO "inventory" ("id", "name", "category", "quantity", "unit", "farm_id", "minimum_level", "created_at") VALUES (29, 'Equipamento de irrigação', 'fertilizer', 489, 'bags', 8, 48, '2025-05-04T19:15:07.506Z');
INSERT INTO "inventory" ("id", "name", "category", "quantity", "unit", "farm_id", "minimum_level", "created_at") VALUES (30, 'Ferramentas de colheita', 'tools', 305, 'l', 8, 30, '2025-05-04T19:15:07.566Z');
INSERT INTO "inventory" ("id", "name", "category", "quantity", "unit", "farm_id", "minimum_level", "created_at") VALUES (31, 'Semente de algodão', 'equipment', 75, 'boxes', 8, 7, '2025-05-04T19:15:07.625Z');
INSERT INTO "inventory" ("id", "name", "category", "quantity", "unit", "farm_id", "minimum_level", "created_at") VALUES (32, 'Adubo para frutíferas', 'tools', 526, 'l', 9, 105, '2025-05-04T19:15:07.685Z');
INSERT INTO "inventory" ("id", "name", "category", "quantity", "unit", "farm_id", "minimum_level", "created_at") VALUES (33, 'Inseticida orgânico', 'fertilizer', 135, 'l', 9, 27, '2025-05-04T19:15:07.746Z');
INSERT INTO "inventory" ("id", "name", "category", "quantity", "unit", "farm_id", "minimum_level", "created_at") VALUES (34, 'Kit de poda', 'fertilizer', 323, 'l', 9, 64, '2025-05-04T19:15:07.806Z');
INSERT INTO "inventory" ("id", "name", "category", "quantity", "unit", "farm_id", "minimum_level", "created_at") VALUES (35, 'Sistema de irrigação por gotejamento', 'equipment', 493, 'bags', 9, 98, '2025-05-04T19:15:07.866Z');
INSERT INTO "inventory" ("id", "name", "category", "quantity", "unit", "farm_id", "minimum_level", "created_at") VALUES (36, 'Ferramentas de colheita', 'tools', 355, 'kg', 9, 71, '2025-05-04T19:15:07.927Z');
INSERT INTO "inventory" ("id", "name", "category", "quantity", "unit", "farm_id", "minimum_level", "created_at") VALUES (37, 'Caixas para frutas', 'equipment', 356, 'kg', 9, 71, '2025-05-04T19:15:07.986Z');
INSERT INTO "inventory" ("id", "name", "category", "quantity", "unit", "farm_id", "minimum_level", "created_at") VALUES (38, 'Fertilizante foliar', 'equipment', 385, 'bags', 9, 77, '2025-05-04T19:15:08.046Z');
INSERT INTO "inventory" ("id", "name", "category", "quantity", "unit", "farm_id", "minimum_level", "created_at") VALUES (39, 'Ração para aves', 'medicine', 151, 'units', 10, 37, '2025-05-04T19:15:08.107Z');
INSERT INTO "inventory" ("id", "name", "category", "quantity", "unit", "farm_id", "minimum_level", "created_at") VALUES (40, 'Vacina para Newcastle', 'seeds', 467, 'bags', 10, 116, '2025-05-04T19:15:08.165Z');
INSERT INTO "inventory" ("id", "name", "category", "quantity", "unit", "farm_id", "minimum_level", "created_at") VALUES (41, 'Medicamento antibiótico', 'fertilizer', 219, 'l', 10, 54, '2025-05-04T19:15:08.225Z');
INSERT INTO "inventory" ("id", "name", "category", "quantity", "unit", "farm_id", "minimum_level", "created_at") VALUES (42, 'Vitamina para aves', 'medicine', 385, 'kg', 10, 96, '2025-05-04T19:15:08.284Z');
INSERT INTO "inventory" ("id", "name", "category", "quantity", "unit", "farm_id", "minimum_level", "created_at") VALUES (43, 'Bebedouros', 'feed', 486, 'l', 10, 121, '2025-05-04T19:15:08.342Z');
INSERT INTO "inventory" ("id", "name", "category", "quantity", "unit", "farm_id", "minimum_level", "created_at") VALUES (44, 'Comedouros', 'medicine', 99, 'units', 10, 24, '2025-05-04T19:15:08.405Z');
INSERT INTO "inventory" ("id", "name", "category", "quantity", "unit", "farm_id", "minimum_level", "created_at") VALUES (45, 'Equipamento de iluminação', 'fertilizer', 375, 'units', 10, 93, '2025-05-04T19:15:08.464Z');
INSERT INTO "inventory" ("id", "name", "category", "quantity", "unit", "farm_id", "minimum_level", "created_at") VALUES (46, 'Desinfetante', 'fertilizer', 354, 'l', 10, 88, '2025-05-04T19:15:08.524Z');
INSERT INTO "inventory" ("id", "name", "category", "quantity", "unit", "farm_id", "minimum_level", "created_at") VALUES (47, 'SEMENTES', 'equipment', 10, 'kg', 6, 2, '2025-05-05T03:23:50.380Z');
INSERT INTO "inventory" ("id", "name", "category", "quantity", "unit", "farm_id", "minimum_level", "created_at") VALUES (48, 'sementes', 'seeds', 10, 'kg', 6, 10, '2025-05-05T04:41:28.479Z');

-- Dados da tabela: tasks
INSERT INTO "tasks" ("id", "title", "description", "due_date", "status", "priority", "assigned_to", "category", "related_id", "farm_id", "created_at") VALUES (2, 'Vacinação dos animais', 'Detalhes para a tarefa: Vacinação dos animais', '2025-04-27T19:15:56.917Z', 'pending', 'low', NULL, 'crop', NULL, 6, '2025-05-04T19:15:57.198Z');
INSERT INTO "tasks" ("id", "title", "description", "due_date", "status", "priority", "assigned_to", "category", "related_id", "farm_id", "created_at") VALUES (3, 'Alimentação do gado', 'Detalhes para a tarefa: Alimentação do gado', '2025-05-02T19:15:56.917Z', 'canceled', 'high', 12, 'general', NULL, 6, '2025-05-04T19:15:57.270Z');
INSERT INTO "tasks" ("id", "title", "description", "due_date", "status", "priority", "assigned_to", "category", "related_id", "farm_id", "created_at") VALUES (4, 'Plantio de milho', 'Detalhes para a tarefa: Plantio de milho', '2025-04-25T19:15:56.917Z', 'completed', 'low', 15, 'general', NULL, 6, '2025-05-04T19:15:57.331Z');
INSERT INTO "tasks" ("id", "title", "description", "due_date", "status", "priority", "assigned_to", "category", "related_id", "farm_id", "created_at") VALUES (5, 'Fertilização do setor A', 'Detalhes para a tarefa: Fertilização do setor A', '2025-05-09T19:15:56.917Z', 'canceled', 'high', 12, 'general', NULL, 6, '2025-05-04T19:15:57.391Z');
INSERT INTO "tasks" ("id", "title", "description", "due_date", "status", "priority", "assigned_to", "category", "related_id", "farm_id", "created_at") VALUES (6, 'Contagem de inventário', 'Detalhes para a tarefa: Contagem de inventário', '2025-05-06T19:15:56.917Z', 'canceled', 'medium', NULL, 'crop', NULL, 6, '2025-05-04T19:15:57.449Z');
INSERT INTO "tasks" ("id", "title", "description", "due_date", "status", "priority", "assigned_to", "category", "related_id", "farm_id", "created_at") VALUES (7, 'Manutenção de equipamentos', 'Detalhes para a tarefa: Manutenção de equipamentos', '2025-04-29T19:15:56.917Z', 'completed', 'high', 15, 'animal', NULL, 6, '2025-05-04T19:15:57.509Z');
INSERT INTO "tasks" ("id", "title", "description", "due_date", "status", "priority", "assigned_to", "category", "related_id", "farm_id", "created_at") VALUES (8, 'Colheita de feijão', 'Detalhes para a tarefa: Colheita de feijão', '2025-05-14T19:15:56.917Z', 'in_progress', 'medium', NULL, 'crop', NULL, 6, '2025-05-04T19:15:57.569Z');
INSERT INTO "tasks" ("id", "title", "description", "due_date", "status", "priority", "assigned_to", "category", "related_id", "farm_id", "created_at") VALUES (9, 'Limpeza dos estábulos', 'Detalhes para a tarefa: Limpeza dos estábulos', '2025-05-08T19:15:56.917Z', 'canceled', 'medium', NULL, 'inventory', NULL, 6, '2025-05-04T19:15:57.631Z');
INSERT INTO "tasks" ("id", "title", "description", "due_date", "status", "priority", "assigned_to", "category", "related_id", "farm_id", "created_at") VALUES (10, 'Monitoramento de pragas', 'Detalhes para a tarefa: Monitoramento de pragas', '2025-04-28T19:15:56.917Z', 'completed', 'low', 15, 'animal', NULL, 6, '2025-05-04T19:15:57.693Z');
INSERT INTO "tasks" ("id", "title", "description", "due_date", "status", "priority", "assigned_to", "category", "related_id", "farm_id", "created_at") VALUES (11, 'Reparo da cerca norte', 'Detalhes para a tarefa: Reparo da cerca norte', '2025-04-29T19:15:56.917Z', 'canceled', 'low', 15, 'inventory', NULL, 6, '2025-05-04T19:15:57.754Z');
INSERT INTO "tasks" ("id", "title", "description", "due_date", "status", "priority", "assigned_to", "category", "related_id", "farm_id", "created_at") VALUES (12, 'Vacinação anual', 'Tarefa relacionada à pecuária: Vacinação anual', '2025-05-08T19:15:56.917Z', 'pending', 'low', 12, 'animal', NULL, 7, '2025-05-04T19:15:57.816Z');
INSERT INTO "tasks" ("id", "title", "description", "due_date", "status", "priority", "assigned_to", "category", "related_id", "farm_id", "created_at") VALUES (13, 'Rotação de pasto', 'Tarefa relacionada à pecuária: Rotação de pasto', '2025-05-08T19:15:56.917Z', 'pending', 'medium', 12, 'animal', NULL, 7, '2025-05-04T19:15:57.879Z');
INSERT INTO "tasks" ("id", "title", "description", "due_date", "status", "priority", "assigned_to", "category", "related_id", "farm_id", "created_at") VALUES (14, 'Verificação de cercas', 'Tarefa relacionada à pecuária: Verificação de cercas', '2025-05-24T19:15:56.917Z', 'pending', 'medium', NULL, 'animal', NULL, 7, '2025-05-04T19:15:57.939Z');
INSERT INTO "tasks" ("id", "title", "description", "due_date", "status", "priority", "assigned_to", "category", "related_id", "farm_id", "created_at") VALUES (15, 'Manutenção do curral', 'Tarefa relacionada à pecuária: Manutenção do curral', '2025-05-10T19:15:56.917Z', 'in_progress', 'low', 13, 'animal', NULL, 7, '2025-05-04T19:15:57.999Z');
INSERT INTO "tasks" ("id", "title", "description", "due_date", "status", "priority", "assigned_to", "category", "related_id", "farm_id", "created_at") VALUES (16, 'Compra de suplementos', 'Tarefa relacionada à pecuária: Compra de suplementos', '2025-05-19T19:15:56.917Z', 'pending', 'medium', 12, 'animal', NULL, 7, '2025-05-04T19:15:58.058Z');
INSERT INTO "tasks" ("id", "title", "description", "due_date", "status", "priority", "assigned_to", "category", "related_id", "farm_id", "created_at") VALUES (17, 'Exame de saúde animal', 'Tarefa relacionada à pecuária: Exame de saúde animal', '2025-05-15T19:15:56.917Z', 'canceled', 'medium', 12, 'animal', NULL, 7, '2025-05-04T19:15:58.117Z');
INSERT INTO "tasks" ("id", "title", "description", "due_date", "status", "priority", "assigned_to", "category", "related_id", "farm_id", "created_at") VALUES (18, 'Treinamento de funcionários', 'Tarefa relacionada à pecuária: Treinamento de funcionários', '2025-05-19T19:15:56.917Z', 'canceled', 'medium', 13, 'animal', NULL, 7, '2025-05-04T19:15:58.174Z');
INSERT INTO "tasks" ("id", "title", "description", "due_date", "status", "priority", "assigned_to", "category", "related_id", "farm_id", "created_at") VALUES (19, 'Instalação de comedouros', 'Tarefa relacionada à pecuária: Instalação de comedouros', '2025-05-01T19:15:56.917Z', 'canceled', 'high', 12, 'animal', NULL, 7, '2025-05-04T19:15:58.236Z');
INSERT INTO "tasks" ("id", "title", "description", "due_date", "status", "priority", "assigned_to", "category", "related_id", "farm_id", "created_at") VALUES (20, 'Preparação do solo', 'Tarefa relacionada às plantações: Preparação do solo', '2025-05-03T19:15:56.917Z', 'completed', 'low', NULL, 'crop', NULL, 8, '2025-05-04T19:15:58.295Z');
INSERT INTO "tasks" ("id", "title", "description", "due_date", "status", "priority", "assigned_to", "category", "related_id", "farm_id", "created_at") VALUES (21, 'Aplicação de pesticidas', 'Tarefa relacionada às plantações: Aplicação de pesticidas', '2025-05-06T19:15:56.917Z', 'canceled', 'low', 15, 'crop', NULL, 8, '2025-05-04T19:15:58.357Z');
INSERT INTO "tasks" ("id", "title", "description", "due_date", "status", "priority", "assigned_to", "category", "related_id", "farm_id", "created_at") VALUES (22, 'Irrigação', 'Tarefa relacionada às plantações: Irrigação', '2025-05-28T19:15:56.917Z', 'completed', 'low', 14, 'crop', NULL, 8, '2025-05-04T19:15:58.420Z');
INSERT INTO "tasks" ("id", "title", "description", "due_date", "status", "priority", "assigned_to", "category", "related_id", "farm_id", "created_at") VALUES (23, 'Colheita de arroz', 'Tarefa relacionada às plantações: Colheita de arroz', '2025-05-17T19:15:56.917Z', 'in_progress', 'high', 14, 'crop', NULL, 8, '2025-05-04T19:15:58.479Z');
INSERT INTO "tasks" ("id", "title", "description", "due_date", "status", "priority", "assigned_to", "category", "related_id", "farm_id", "created_at") VALUES (24, 'Controle de plantas daninhas', 'Tarefa relacionada às plantações: Controle de plantas daninhas', '2025-04-29T19:15:56.917Z', 'canceled', 'medium', 15, 'crop', NULL, 8, '2025-05-04T19:15:58.555Z');
INSERT INTO "tasks" ("id", "title", "description", "due_date", "status", "priority", "assigned_to", "category", "related_id", "farm_id", "created_at") VALUES (25, 'Análise de solo', 'Tarefa relacionada às plantações: Análise de solo', '2025-04-27T19:15:56.917Z', 'pending', 'high', 14, 'crop', NULL, 8, '2025-05-04T19:15:58.616Z');
INSERT INTO "tasks" ("id", "title", "description", "due_date", "status", "priority", "assigned_to", "category", "related_id", "farm_id", "created_at") VALUES (26, 'Compra de sementes', 'Tarefa relacionada às plantações: Compra de sementes', '2025-05-17T19:15:56.917Z', 'in_progress', 'low', NULL, 'crop', NULL, 8, '2025-05-04T19:15:58.674Z');
INSERT INTO "tasks" ("id", "title", "description", "due_date", "status", "priority", "assigned_to", "category", "related_id", "farm_id", "created_at") VALUES (27, 'Avaliação de crescimento', 'Tarefa relacionada às plantações: Avaliação de crescimento', '2025-05-26T19:15:56.917Z', 'canceled', 'low', 14, 'crop', NULL, 8, '2025-05-04T19:15:58.736Z');
INSERT INTO "tasks" ("id", "title", "description", "due_date", "status", "priority", "assigned_to", "category", "related_id", "farm_id", "created_at") VALUES (28, 'Podas de formação', 'Tarefa para o pomar: Podas de formação', '2025-05-05T19:15:56.917Z', 'pending', 'high', 14, 'crop', NULL, 9, '2025-05-04T19:15:58.794Z');
INSERT INTO "tasks" ("id", "title", "description", "due_date", "status", "priority", "assigned_to", "category", "related_id", "farm_id", "created_at") VALUES (29, 'Aplicação de fertilizantes', 'Tarefa para o pomar: Aplicação de fertilizantes', '2025-05-20T19:15:56.917Z', 'pending', 'low', 16, 'crop', NULL, 9, '2025-05-04T19:15:58.854Z');
INSERT INTO "tasks" ("id", "title", "description", "due_date", "status", "priority", "assigned_to", "category", "related_id", "farm_id", "created_at") VALUES (30, 'Controle de insetos', 'Tarefa para o pomar: Controle de insetos', '2025-05-08T19:15:56.917Z', 'pending', 'low', 16, 'crop', NULL, 9, '2025-05-04T19:15:58.919Z');
INSERT INTO "tasks" ("id", "title", "description", "due_date", "status", "priority", "assigned_to", "category", "related_id", "farm_id", "created_at") VALUES (31, 'Colheita de manga', 'Tarefa para o pomar: Colheita de manga', '2025-05-04T19:15:56.917Z', 'completed', 'low', NULL, 'crop', NULL, 9, '2025-05-04T19:15:58.983Z');
INSERT INTO "tasks" ("id", "title", "description", "due_date", "status", "priority", "assigned_to", "category", "related_id", "farm_id", "created_at") VALUES (32, 'Análise de frutos', 'Tarefa para o pomar: Análise de frutos', '2025-05-11T19:15:56.917Z', 'in_progress', 'low', 14, 'crop', NULL, 9, '2025-05-04T19:15:59.051Z');
INSERT INTO "tasks" ("id", "title", "description", "due_date", "status", "priority", "assigned_to", "category", "related_id", "farm_id", "created_at") VALUES (33, 'Instalação de sistema de irrigação', 'Tarefa para o pomar: Instalação de sistema de irrigação', '2025-05-11T19:15:56.917Z', 'canceled', 'high', 14, 'crop', NULL, 9, '2025-05-04T19:15:59.115Z');
INSERT INTO "tasks" ("id", "title", "description", "due_date", "status", "priority", "assigned_to", "category", "related_id", "farm_id", "created_at") VALUES (34, 'Plantio de novas mudas', 'Tarefa para o pomar: Plantio de novas mudas', '2025-05-17T19:15:56.917Z', 'completed', 'medium', NULL, 'crop', NULL, 9, '2025-05-04T19:15:59.177Z');
INSERT INTO "tasks" ("id", "title", "description", "due_date", "status", "priority", "assigned_to", "category", "related_id", "farm_id", "created_at") VALUES (35, 'Avaliação de qualidade dos frutos', 'Tarefa para o pomar: Avaliação de qualidade dos frutos', '2025-05-07T19:15:56.917Z', 'pending', 'high', 14, 'crop', NULL, 9, '2025-05-04T19:15:59.235Z');
INSERT INTO "tasks" ("id", "title", "description", "due_date", "status", "priority", "assigned_to", "category", "related_id", "farm_id", "created_at") VALUES (36, 'Limpeza dos galpões', 'Tarefa para a granja: Limpeza dos galpões', '2025-05-04T19:15:56.917Z', 'pending', 'low', 12, 'animal', NULL, 10, '2025-05-04T19:15:59.294Z');
INSERT INTO "tasks" ("id", "title", "description", "due_date", "status", "priority", "assigned_to", "category", "related_id", "farm_id", "created_at") VALUES (37, 'Vacinação das aves', 'Tarefa para a granja: Vacinação das aves', '2025-05-04T19:15:56.917Z', 'pending', 'medium', 12, 'animal', NULL, 10, '2025-05-04T19:15:59.355Z');
INSERT INTO "tasks" ("id", "title", "description", "due_date", "status", "priority", "assigned_to", "category", "related_id", "farm_id", "created_at") VALUES (38, 'Verificação de bebedouros', 'Tarefa para a granja: Verificação de bebedouros', '2025-05-04T19:15:56.917Z', 'pending', 'medium', 12, 'animal', NULL, 10, '2025-05-04T19:15:59.421Z');
INSERT INTO "tasks" ("id", "title", "description", "due_date", "status", "priority", "assigned_to", "category", "related_id", "farm_id", "created_at") VALUES (39, 'Controle de temperatura', 'Tarefa para a granja: Controle de temperatura', '2025-05-11T19:15:56.917Z', 'pending', 'medium', 12, 'animal', NULL, 10, '2025-05-04T19:15:59.483Z');
INSERT INTO "tasks" ("id", "title", "description", "due_date", "status", "priority", "assigned_to", "category", "related_id", "farm_id", "created_at") VALUES (40, 'Coleta de ovos', 'Tarefa para a granja: Coleta de ovos', '2025-05-10T19:15:56.917Z', 'in_progress', 'high', 13, 'animal', NULL, 10, '2025-05-04T19:15:59.577Z');
INSERT INTO "tasks" ("id", "title", "description", "due_date", "status", "priority", "assigned_to", "category", "related_id", "farm_id", "created_at") VALUES (41, 'Monitoramento sanitário', 'Tarefa para a granja: Monitoramento sanitário', '2025-05-06T19:15:56.917Z', 'in_progress', 'medium', 12, 'animal', NULL, 10, '2025-05-04T19:15:59.641Z');
INSERT INTO "tasks" ("id", "title", "description", "due_date", "status", "priority", "assigned_to", "category", "related_id", "farm_id", "created_at") VALUES (42, 'Manutenção de equipamentos', 'Tarefa para a granja: Manutenção de equipamentos', '2025-05-04T19:15:56.917Z', 'completed', 'medium', 12, 'animal', NULL, 10, '2025-05-04T19:15:59.702Z');
INSERT INTO "tasks" ("id", "title", "description", "due_date", "status", "priority", "assigned_to", "category", "related_id", "farm_id", "created_at") VALUES (43, 'Separação de aves para venda', 'Tarefa para a granja: Separação de aves para venda', '2025-05-07T19:15:56.917Z', 'completed', 'low', 13, 'animal', NULL, 10, '2025-05-04T19:15:59.761Z');
INSERT INTO "tasks" ("id", "title", "description", "due_date", "status", "priority", "assigned_to", "category", "related_id", "farm_id", "created_at") VALUES (44, 'Reunião de equipe', 'Tarefa urgente: Reunião de equipe', '2025-05-04T19:15:56.917Z', 'pending', 'high', 11, 'general', NULL, 6, '2025-05-04T19:15:59.821Z');
INSERT INTO "tasks" ("id", "title", "description", "due_date", "status", "priority", "assigned_to", "category", "related_id", "farm_id", "created_at") VALUES (45, 'Entrega de relatório mensal', 'Tarefa urgente: Entrega de relatório mensal', '2025-05-05T19:15:56.917Z', 'pending', 'high', 12, 'general', NULL, 7, '2025-05-04T19:15:59.884Z');
INSERT INTO "tasks" ("id", "title", "description", "due_date", "status", "priority", "assigned_to", "category", "related_id", "farm_id", "created_at") VALUES (46, 'Manutenção emergencial', 'Tarefa urgente: Manutenção emergencial', '2025-05-04T19:15:56.917Z', 'pending', 'high', 13, 'general', NULL, 8, '2025-05-04T19:15:59.951Z');
INSERT INTO "tasks" ("id", "title", "description", "due_date", "status", "priority", "assigned_to", "category", "related_id", "farm_id", "created_at") VALUES (47, 'Inspeção de qualidade', 'Tarefa urgente: Inspeção de qualidade', '2025-05-05T19:15:56.917Z', 'pending', 'high', 14, 'general', NULL, 9, '2025-05-04T19:16:00.014Z');
INSERT INTO "tasks" ("id", "title", "description", "due_date", "status", "priority", "assigned_to", "category", "related_id", "farm_id", "created_at") VALUES (48, 'Visita técnica', 'Tarefa urgente: Visita técnica', '2025-05-04T19:15:56.917Z', 'pending', 'high', 15, 'general', NULL, 10, '2025-05-04T19:16:00.076Z');
INSERT INTO "tasks" ("id", "title", "description", "due_date", "status", "priority", "assigned_to", "category", "related_id", "farm_id", "created_at") VALUES (49, 'Pagamento de fornecedores', 'Tarefa urgente: Pagamento de fornecedores', '2025-05-05T19:15:56.917Z', 'pending', 'high', 16, 'general', NULL, 6, '2025-05-04T19:16:00.141Z');

-- Dados da tabela: user_farms
INSERT INTO "user_farms" ("id", "user_id", "farm_id", "role", "created_at") VALUES (10, 11, 6, 'admin', '2025-05-04T19:10:21.251Z');
INSERT INTO "user_farms" ("id", "user_id", "farm_id", "role", "created_at") VALUES (11, 12, 6, 'worker', '2025-05-04T19:10:21.318Z');
INSERT INTO "user_farms" ("id", "user_id", "farm_id", "role", "created_at") VALUES (12, 13, 6, 'specialist', '2025-05-04T19:10:21.382Z');
INSERT INTO "user_farms" ("id", "user_id", "farm_id", "role", "created_at") VALUES (13, 14, 6, 'specialist', '2025-05-04T19:10:21.443Z');
INSERT INTO "user_farms" ("id", "user_id", "farm_id", "role", "created_at") VALUES (14, 15, 6, 'manager', '2025-05-04T19:10:21.503Z');
INSERT INTO "user_farms" ("id", "user_id", "farm_id", "role", "created_at") VALUES (15, 11, 7, 'admin', '2025-05-04T19:10:21.567Z');
INSERT INTO "user_farms" ("id", "user_id", "farm_id", "role", "created_at") VALUES (16, 13, 7, 'specialist', '2025-05-04T19:10:21.639Z');
INSERT INTO "user_farms" ("id", "user_id", "farm_id", "role", "created_at") VALUES (17, 12, 7, 'worker', '2025-05-04T19:10:21.707Z');
INSERT INTO "user_farms" ("id", "user_id", "farm_id", "role", "created_at") VALUES (18, 11, 8, 'admin', '2025-05-04T19:10:21.771Z');
INSERT INTO "user_farms" ("id", "user_id", "farm_id", "role", "created_at") VALUES (19, 14, 8, 'specialist', '2025-05-04T19:10:21.831Z');
INSERT INTO "user_farms" ("id", "user_id", "farm_id", "role", "created_at") VALUES (20, 15, 8, 'manager', '2025-05-04T19:10:21.891Z');
INSERT INTO "user_farms" ("id", "user_id", "farm_id", "role", "created_at") VALUES (21, 11, 9, 'admin', '2025-05-04T19:10:21.951Z');
INSERT INTO "user_farms" ("id", "user_id", "farm_id", "role", "created_at") VALUES (22, 14, 9, 'specialist', '2025-05-04T19:10:22.010Z');
INSERT INTO "user_farms" ("id", "user_id", "farm_id", "role", "created_at") VALUES (23, 16, 9, 'consultant', '2025-05-04T19:10:22.071Z');
INSERT INTO "user_farms" ("id", "user_id", "farm_id", "role", "created_at") VALUES (24, 11, 10, 'admin', '2025-05-04T19:10:22.140Z');
INSERT INTO "user_farms" ("id", "user_id", "farm_id", "role", "created_at") VALUES (25, 13, 10, 'specialist', '2025-05-04T19:10:22.211Z');
INSERT INTO "user_farms" ("id", "user_id", "farm_id", "role", "created_at") VALUES (26, 12, 10, 'worker', '2025-05-04T19:10:22.273Z');
INSERT INTO "user_farms" ("id", "user_id", "farm_id", "role", "created_at") VALUES (27, 18, 11, 'admin', '2025-05-05T08:33:50.986Z');
INSERT INTO "user_farms" ("id", "user_id", "farm_id", "role", "created_at") VALUES (28, 19, 11, 'manager', '2025-05-05T08:33:51.052Z');
INSERT INTO "user_farms" ("id", "user_id", "farm_id", "role", "created_at") VALUES (29, 20, 11, 'worker', '2025-05-05T08:33:51.112Z');
INSERT INTO "user_farms" ("id", "user_id", "farm_id", "role", "created_at") VALUES (30, 18, 12, 'admin', '2025-05-05T08:35:05.897Z');
INSERT INTO "user_farms" ("id", "user_id", "farm_id", "role", "created_at") VALUES (31, 19, 12, 'manager', '2025-05-05T08:35:17.012Z');
INSERT INTO "user_farms" ("id", "user_id", "farm_id", "role", "created_at") VALUES (32, 20, 12, 'worker', '2025-05-05T08:35:29.594Z');

-- Dados da tabela: user_permissions
INSERT INTO "user_permissions" ("id", "user_id", "farm_id", "module", "access_level", "created_at") VALUES (18, 11, 6, 'animals', 'full', '2025-05-04T19:10:22.332Z');
INSERT INTO "user_permissions" ("id", "user_id", "farm_id", "module", "access_level", "created_at") VALUES (19, 11, 6, 'crops', 'full', '2025-05-04T19:10:22.394Z');
INSERT INTO "user_permissions" ("id", "user_id", "farm_id", "module", "access_level", "created_at") VALUES (20, 11, 6, 'inventory', 'full', '2025-05-04T19:10:22.471Z');
INSERT INTO "user_permissions" ("id", "user_id", "farm_id", "module", "access_level", "created_at") VALUES (21, 11, 6, 'tasks', 'full', '2025-05-04T19:10:22.535Z');
INSERT INTO "user_permissions" ("id", "user_id", "farm_id", "module", "access_level", "created_at") VALUES (22, 11, 6, 'employees', 'full', '2025-05-04T19:10:22.595Z');
INSERT INTO "user_permissions" ("id", "user_id", "farm_id", "module", "access_level", "created_at") VALUES (23, 11, 6, 'financial', 'full', '2025-05-04T19:10:22.653Z');
INSERT INTO "user_permissions" ("id", "user_id", "farm_id", "module", "access_level", "created_at") VALUES (24, 11, 6, 'reports', 'full', '2025-05-04T19:10:22.714Z');
INSERT INTO "user_permissions" ("id", "user_id", "farm_id", "module", "access_level", "created_at") VALUES (25, 12, 6, 'animals', 'read_only', '2025-05-04T19:10:22.778Z');
INSERT INTO "user_permissions" ("id", "user_id", "farm_id", "module", "access_level", "created_at") VALUES (26, 12, 6, 'crops', 'read_only', '2025-05-04T19:10:22.836Z');
INSERT INTO "user_permissions" ("id", "user_id", "farm_id", "module", "access_level", "created_at") VALUES (27, 12, 6, 'tasks', 'full', '2025-05-04T19:10:22.897Z');
INSERT INTO "user_permissions" ("id", "user_id", "farm_id", "module", "access_level", "created_at") VALUES (28, 12, 6, 'inventory', 'read_only', '2025-05-04T19:10:22.959Z');
INSERT INTO "user_permissions" ("id", "user_id", "farm_id", "module", "access_level", "created_at") VALUES (29, 13, 6, 'animals', 'full', '2025-05-04T19:10:23.019Z');
INSERT INTO "user_permissions" ("id", "user_id", "farm_id", "module", "access_level", "created_at") VALUES (30, 13, 6, 'tasks', 'read_only', '2025-05-04T19:10:23.081Z');
INSERT INTO "user_permissions" ("id", "user_id", "farm_id", "module", "access_level", "created_at") VALUES (31, 13, 7, 'animals', 'full', '2025-05-04T19:10:23.141Z');
INSERT INTO "user_permissions" ("id", "user_id", "farm_id", "module", "access_level", "created_at") VALUES (32, 14, 6, 'crops', 'full', '2025-05-04T19:10:23.201Z');
INSERT INTO "user_permissions" ("id", "user_id", "farm_id", "module", "access_level", "created_at") VALUES (33, 14, 6, 'tasks', 'read_only', '2025-05-04T19:10:23.260Z');
INSERT INTO "user_permissions" ("id", "user_id", "farm_id", "module", "access_level", "created_at") VALUES (34, 14, 8, 'crops', 'full', '2025-05-04T19:10:23.319Z');
INSERT INTO "user_permissions" ("id", "user_id", "farm_id", "module", "access_level", "created_at") VALUES (35, 15, 6, 'animals', 'read_only', '2025-05-04T19:10:23.378Z');
INSERT INTO "user_permissions" ("id", "user_id", "farm_id", "module", "access_level", "created_at") VALUES (36, 15, 8, 'animals', 'read_only', '2025-05-04T19:10:23.437Z');
INSERT INTO "user_permissions" ("id", "user_id", "farm_id", "module", "access_level", "created_at") VALUES (37, 15, 6, 'crops', 'read_only', '2025-05-04T19:10:23.495Z');
INSERT INTO "user_permissions" ("id", "user_id", "farm_id", "module", "access_level", "created_at") VALUES (38, 15, 8, 'crops', 'read_only', '2025-05-04T19:10:23.557Z');
INSERT INTO "user_permissions" ("id", "user_id", "farm_id", "module", "access_level", "created_at") VALUES (39, 15, 6, 'inventory', 'read_only', '2025-05-04T19:10:23.618Z');
INSERT INTO "user_permissions" ("id", "user_id", "farm_id", "module", "access_level", "created_at") VALUES (40, 15, 8, 'inventory', 'read_only', '2025-05-04T19:10:23.677Z');
INSERT INTO "user_permissions" ("id", "user_id", "farm_id", "module", "access_level", "created_at") VALUES (41, 15, 6, 'tasks', 'read_only', '2025-05-04T19:10:23.737Z');
INSERT INTO "user_permissions" ("id", "user_id", "farm_id", "module", "access_level", "created_at") VALUES (42, 15, 8, 'tasks', 'read_only', '2025-05-04T19:10:23.796Z');
INSERT INTO "user_permissions" ("id", "user_id", "farm_id", "module", "access_level", "created_at") VALUES (43, 15, 6, 'employees', 'read_only', '2025-05-04T19:10:23.856Z');
INSERT INTO "user_permissions" ("id", "user_id", "farm_id", "module", "access_level", "created_at") VALUES (44, 15, 8, 'employees', 'read_only', '2025-05-04T19:10:23.914Z');
INSERT INTO "user_permissions" ("id", "user_id", "farm_id", "module", "access_level", "created_at") VALUES (45, 15, 6, 'financial', 'full', '2025-05-04T19:10:23.975Z');
INSERT INTO "user_permissions" ("id", "user_id", "farm_id", "module", "access_level", "created_at") VALUES (46, 15, 8, 'financial', 'full', '2025-05-04T19:10:24.035Z');
INSERT INTO "user_permissions" ("id", "user_id", "farm_id", "module", "access_level", "created_at") VALUES (47, 15, 6, 'reports', 'read_only', '2025-05-04T19:10:24.131Z');
INSERT INTO "user_permissions" ("id", "user_id", "farm_id", "module", "access_level", "created_at") VALUES (48, 15, 8, 'reports', 'read_only', '2025-05-04T19:10:24.190Z');
INSERT INTO "user_permissions" ("id", "user_id", "farm_id", "module", "access_level", "created_at") VALUES (49, 16, 9, 'crops', 'read_only', '2025-05-04T19:10:24.252Z');
INSERT INTO "user_permissions" ("id", "user_id", "farm_id", "module", "access_level", "created_at") VALUES (50, 16, 9, 'reports', 'read_only', '2025-05-04T19:10:24.313Z');
INSERT INTO "user_permissions" ("id", "user_id", "farm_id", "module", "access_level", "created_at") VALUES (52, 18, 12, 'goals', 'manage', '2025-05-05T08:35:12.677Z');
INSERT INTO "user_permissions" ("id", "user_id", "farm_id", "module", "access_level", "created_at") VALUES (53, 18, 12, 'tasks', 'manage', '2025-05-05T08:35:12.677Z');
INSERT INTO "user_permissions" ("id", "user_id", "farm_id", "module", "access_level", "created_at") VALUES (54, 18, 12, 'animals', 'manage', '2025-05-05T08:35:12.677Z');
INSERT INTO "user_permissions" ("id", "user_id", "farm_id", "module", "access_level", "created_at") VALUES (55, 18, 12, 'crops', 'manage', '2025-05-05T08:35:12.677Z');
INSERT INTO "user_permissions" ("id", "user_id", "farm_id", "module", "access_level", "created_at") VALUES (56, 19, 12, 'goals', 'edit', '2025-05-05T08:35:25.774Z');
INSERT INTO "user_permissions" ("id", "user_id", "farm_id", "module", "access_level", "created_at") VALUES (57, 19, 12, 'tasks', 'edit', '2025-05-05T08:35:25.774Z');
INSERT INTO "user_permissions" ("id", "user_id", "farm_id", "module", "access_level", "created_at") VALUES (58, 19, 12, 'animals', 'edit', '2025-05-05T08:35:25.774Z');
INSERT INTO "user_permissions" ("id", "user_id", "farm_id", "module", "access_level", "created_at") VALUES (59, 19, 12, 'crops', 'edit', '2025-05-05T08:35:25.774Z');
INSERT INTO "user_permissions" ("id", "user_id", "farm_id", "module", "access_level", "created_at") VALUES (60, 20, 12, 'goals', 'view', '2025-05-05T08:35:34.081Z');
INSERT INTO "user_permissions" ("id", "user_id", "farm_id", "module", "access_level", "created_at") VALUES (61, 20, 12, 'tasks', 'view', '2025-05-05T08:35:34.081Z');
INSERT INTO "user_permissions" ("id", "user_id", "farm_id", "module", "access_level", "created_at") VALUES (62, 20, 12, 'animals', 'view', '2025-05-05T08:35:34.081Z');
INSERT INTO "user_permissions" ("id", "user_id", "farm_id", "module", "access_level", "created_at") VALUES (63, 20, 12, 'crops', 'view', '2025-05-05T08:35:34.081Z');

-- Dados da tabela: users
INSERT INTO "users" ("id", "username", "password", "name", "email", "role", "language", "farm_id", "created_at") VALUES (10, 'admin', 'fac8be17a296d1ec4fb759ac9ce90c93b3c71e6db26d5ca5ece5b3a7c11336b0', 'Administrador Geral', 'admin@iagris.com', 'super_admin', 'pt', NULL, '2025-05-04T19:10:20.486Z');
INSERT INTO "users" ("id", "username", "password", "name", "email", "role", "language", "farm_id", "created_at") VALUES (11, 'jsilva', 'fac8be17a296d1ec4fb759ac9ce90c93b3c71e6db26d5ca5ece5b3a7c11336b0', 'João Silva', 'joao@example.com', 'farm_admin', 'pt', NULL, '2025-05-04T19:10:20.559Z');
INSERT INTO "users" ("id", "username", "password", "name", "email", "role", "language", "farm_id", "created_at") VALUES (12, 'mluisa', 'fac8be17a296d1ec4fb759ac9ce90c93b3c71e6db26d5ca5ece5b3a7c11336b0', 'Maria Luisa', 'mluisa@example.com', 'employee', 'pt', NULL, '2025-05-04T19:10:20.624Z');
INSERT INTO "users" ("id", "username", "password", "name", "email", "role", "language", "farm_id", "created_at") VALUES (13, 'carlosvet', 'fac8be17a296d1ec4fb759ac9ce90c93b3c71e6db26d5ca5ece5b3a7c11336b0', 'Carlos Pereira', 'carlos@example.com', 'veterinarian', 'pt', NULL, '2025-05-04T19:10:20.688Z');
INSERT INTO "users" ("id", "username", "password", "name", "email", "role", "language", "farm_id", "created_at") VALUES (14, 'anagro', 'fac8be17a296d1ec4fb759ac9ce90c93b3c71e6db26d5ca5ece5b3a7c11336b0', 'Ana Santos', 'ana@example.com', 'agronomist', 'pt', NULL, '2025-05-04T19:10:20.759Z');
INSERT INTO "users" ("id", "username", "password", "name", "email", "role", "language", "farm_id", "created_at") VALUES (15, 'pedroger', 'fac8be17a296d1ec4fb759ac9ce90c93b3c71e6db26d5ca5ece5b3a7c11336b0', 'Pedro Oliveira', 'pedro@example.com', 'manager', 'pt', NULL, '2025-05-04T19:10:20.819Z');
INSERT INTO "users" ("id", "username", "password", "name", "email", "role", "language", "farm_id", "created_at") VALUES (16, 'juliacons', 'fac8be17a296d1ec4fb759ac9ce90c93b3c71e6db26d5ca5ece5b3a7c11336b0', 'Julia Fernandes', 'julia@example.com', 'consultant', 'pt', NULL, '2025-05-04T19:10:20.879Z');
INSERT INTO "users" ("id", "username", "password", "name", "email", "role", "language", "farm_id", "created_at") VALUES (18, 'farmadmin', 'fac8be17a296d1ec4fb759ac9ce90c93b3c71e6db26d5ca5ece5b3a7c11336b0', 'Administrador de Fazenda', 'farmadmin@teste.com', 'farm_admin', 'pt', NULL, '2025-05-05T08:25:03.459Z');
INSERT INTO "users" ("id", "username", "password", "name", "email", "role", "language", "farm_id", "created_at") VALUES (19, 'manager', 'fac8be17a296d1ec4fb759ac9ce90c93b3c71e6db26d5ca5ece5b3a7c11336b0', 'Gerente', 'manager@teste.com', 'manager', 'pt', NULL, '2025-05-05T08:25:03.518Z');
INSERT INTO "users" ("id", "username", "password", "name", "email", "role", "language", "farm_id", "created_at") VALUES (20, 'employee', 'fac8be17a296d1ec4fb759ac9ce90c93b3c71e6db26d5ca5ece5b3a7c11336b0', 'Funcionário', 'employee@teste.com', 'employee', 'pt', NULL, '2025-05-05T08:25:03.576Z');
INSERT INTO "users" ("id", "username", "password", "name", "email", "role", "language", "farm_id", "created_at") VALUES (17, 'superadmin', 'fac8be17a296d1ec4fb759ac9ce90c93b3c71e6db26d5ca5ece5b3a7c11336b0', 'Super Administrador', 'superadmin@teste.com', 'super_admin', 'pt', NULL, '2025-05-05T08:25:03.368Z');

-- Dados da tabela: goals
INSERT INTO "goals" ("id", "name", "description", "assigned_to", "start_date", "end_date", "crop_id", "target_value", "actual_value", "unit", "status", "completion_date", "farm_id", "created_by", "notes", "created_at") VALUES (1, 'Plantio de Milho', 'Plantar 10 hectares de milho na área sul', 20, '2025-05-05T08:36:38.722Z', '2025-08-05T08:36:38.722Z', NULL, '10', '0', 'hectares', 'pending', NULL, 12, 18, NULL, '2025-05-05T08:36:38.722Z');
INSERT INTO "goals" ("id", "name", "description", "assigned_to", "start_date", "end_date", "crop_id", "target_value", "actual_value", "unit", "status", "completion_date", "farm_id", "created_by", "notes", "created_at") VALUES (2, 'Colheita de Café', 'Colher 500kg de café na área leste', 20, '2025-05-05T08:36:38.722Z', '2025-07-05T08:36:38.722Z', NULL, '500', '0', 'kilograms', 'pending', NULL, 12, 18, NULL, '2025-05-05T08:36:38.722Z');
INSERT INTO "goals" ("id", "name", "description", "assigned_to", "start_date", "end_date", "crop_id", "target_value", "actual_value", "unit", "status", "completion_date", "farm_id", "created_by", "notes", "created_at") VALUES (3, 'Manutenção de Cercas', 'Reparar 200 metros de cercas no perímetro', 19, '2025-05-05T08:36:38.722Z', '2025-06-05T08:36:38.722Z', NULL, '200', '0', 'meters', 'in_progress', NULL, 12, 18, NULL, '2025-05-05T08:36:38.722Z');

-- Dados da tabela: session
INSERT INTO "session" ("sid", "sess", "expire") VALUES ('7fkDk432s8BwCFPs_AoILpg5owB1i2uL', [object Object], '2025-05-12T09:59:26.000Z');

